{"type":"FeatureCollection","features":[{"type":"Feature","geometry":{"type":"LineString","coordinates":[[43.1363367,36.3449575],[43.119235,36.3371201]]},"properties":{"id":1,"Name":"شارع نينوى","kind":"street","source_record":"2003_Main_Roads.geojson:0:0","component":1,"connectivity":12,"mean_depth":2.918918918918919,"integration_1_md":0.3425925925925926,"component_size":112}},{"type":"Feature","geometry":{"type":"LineString","coordinates":[[43.1194369,36.3541478],[43.121937,36.350072],[43.1236586,36.3470344],[43.1271351,36.3405881],[43.1306969,36.3337893]]},"properties":{"id":2,"Name":"شارع الفاروق","kind":"street","source_record":"2003_Main_Roads.geojson:1:0","component":1,"connectivity":9,"mean_depth":3.4774774774774775,"integration_1_md":0.28756476683937826,"component_size":112}},{"type":"Feature","geometry":{"type":"LineString","coordinates":[[43.1344021,36.3440205],[43.1345063,36.3417542],[43.1320912,36.3403888],[43.1316928,36.3403975],[43.131231,36.3404626],[43.1293223,36.3416369],[43.1277621,36.3423596],[43.1260268,36.3425289]]},"properties":{"id":3,"Name":null,"kind":"street","source_record":"2003_Main_Roads.geojson:2:0","component":1,"connectivity":6,"mean_depth":3.4324324324324325,"integration_1_md":0.29133858267716534,"component_size":112}},{"type":"Feature","geometry":{"type":"LineString","coordinates":[[43.1324447,36.343141],[43.1319595,36.3436353],[43.131618,36.3439229],[43.1311956,36.3443543],[43.1305407,36.3454462],[43.1299921,36.3464942],[43.129681,36.3473285],[43.1288468,36.3479507],[43.1283377,36.3482193],[43.1269536,36.3498325],[43.1252257,36.3516836],[43.1237945,36.352552],[43.1224436,36.353356],[43.1195007,36.3543048]]},"properties":{"id":4,"Name":"سوق الشعارين","kind":"street","source_record":"2003_Main_Roads.geojson:3:0","component":1,"connectivity":12,"mean_depth":3.369369369369369,"integration_1_md":0.2967914438502674,"component_size":112}},{"type":"Feature","geometry":{"type":"LineString","coordinates":[[43.1324503,36.3431295],[43.1325334,36.3430298],[43.1327494,36.3427307],[43.133356,36.3423318],[43.1339021,36.3420484],[43.1342601,36.3418305],[43.134504,36.3417682]]},"properties":{"id":5,"Name":"شارع النجفي","kind":"street","source_record":"2003_Main_Roads.geojson:4:0","component":1,"connectivity":4,"mean_depth":3.4054054054054053,"integration_1_md":0.29365079365079366,"component_size":112}},{"type":"Feature","geometry":{"type":"LineString","coordinates":[[43.1367124,36.3427433],[43.1363866,36.34189],[43.1359832,36.3411763],[43.1357706,36.3405032],[43.1356671,36.340009],[43.1347145,36.3393843],[43.134251,36.3390378],[43.1339312,36.3386016],[43.1337831,36.3383688],[43.133553,36.337723],[43.1327061,36.3348804],[43.1315766,36.334022],[43.1307596,36.3336829],[43.1293722,36.3331742],[43.127137,36.3342532],[43.1261351,36.3347773],[43.1255339,36.3354556],[43.125268,36.3355202],[43.1213726,36.335445],[43.1211019,36.3355578],[43.1208161,36.3357684],[43.1193656,36.3371714],[43.1191656,36.3374021],[43.115845,36.3430242],[43.1157067,36.3439752],[43.1165479,36.3475004],[43.1168867,36.3489676],[43.1178499,36.3514851],[43.1182504,36.3523502],[43.1184587,36.3527186],[43.1193078,36.3543687]]},"properties":{"id":6,"Name":"شارع السور القديم","kind":"street","source_record":"2003_Main_Roads.geojson:5:0","component":1,"connectivity":15,"mean_depth":2.6036036036036037,"integration_1_md":0.38408304498269896,"component_size":112}},{"type":"Feature","geometry":{"type":"LineString","coordinates":[[43.1193132,36.3543726],[43.119638,36.3548656],[43.1203073,36.3557492],[43.1205941,36.3561104]]},"properties":{"id":6,"Name":null,"kind":"street","source_record":"2003_Main_Roads.geojson:6:0","component":1,"connectivity":2,"mean_depth":3.4954954954954953,"integration_1_md":0.28608247422680416,"component_size":112}},{"type":"Feature","geometry":{"type":"LineString","coordinates":[[43.1194952,36.3543075],[43.1180558,36.3549181],[43.1145488,36.356429]]},"properties":{"id":5,"Name":null,"kind":"street","source_record":"2003_Main_Roads.geojson:7:0","component":1,"connectivity":4,"mean_depth":3.324324324324324,"integration_1_md":0.3008130081300813,"component_size":112}},{"type":"Feature","geometry":{"type":"LineString","coordinates":[[43.1327333,36.3348594],[43.1335476,36.3353221],[43.1351023,36.3362105],[43.1359722,36.3368583],[43.1361018,36.3370248],[43.136657,36.337284],[43.1391557,36.3379317],[43.1400996,36.3381168],[43.1406911,36.3384036],[43.1414462,36.3388528]]},"properties":{"id":8,"Name":null,"kind":"street","source_record":"2003_Main_Roads.geojson:8:0","component":1,"connectivity":6,"mean_depth":3.1621621621621623,"integration_1_md":0.3162393162393162,"component_size":112}},{"type":"Feature","geometry":{"type":"LineString","coordinates":[[43.1404416,36.3385147],[43.1402047,36.3387906],[43.1399472,36.3390193],[43.139217,36.339581],[43.138588,36.3401314],[43.1379926,36.3406033],[43.1377342,36.3409066],[43.1375433,36.3410301],[43.1364648,36.3412997],[43.1362177,36.341311],[43.1360492,36.3413671],[43.1349456,36.3416272],[43.1345274,36.3417527]]},"properties":{"id":8,"Name":null,"kind":"street","source_record":"2003_Main_Roads.geojson:9:0","component":1,"connectivity":11,"mean_depth":3.126126126126126,"integration_1_md":0.31988472622478387,"component_size":112}},{"type":"Feature","geometry":{"type":"LineString","coordinates":[[43.1392249,36.3395513],[43.1385193,36.3389634],[43.1375153,36.3381221],[43.1367736,36.3375161],[43.1366379,36.3373985]]},"properties":{"id":9,"Name":"شارع حلب","kind":"street","source_record":"2003_Main_Roads.geojson:10:0","component":1,"connectivity":1,"mean_depth":4.117117117117117,"integration_1_md":0.24288840262582057,"component_size":112}},{"type":"Feature","geometry":{"type":"LineString","coordinates":[[43.1363665,36.3372718],[43.1361947,36.3380045],[43.1359052,36.3391352],[43.1358238,36.3397322],[43.1358659,36.3406513],[43.1359113,36.3409989]]},"properties":{"id":10,"Name":null,"kind":"street","source_record":"2003_Main_Roads.geojson:11:0","component":1,"connectivity":2,"mean_depth":3.5495495495495497,"integration_1_md":0.2817258883248731,"component_size":112}},{"type":"Feature","geometry":{"type":"LineString","coordinates":[[43.1349003,36.3416264],[43.1346058,36.3415975],[43.1342651,36.3415398],[43.1339995,36.341407],[43.1335087,36.3410952],[43.1326505,36.3405623],[43.1322057,36.3402981],[43.1321,36.3400779],[43.1321762,36.3396706],[43.1326482,36.3389464],[43.132992,36.3385077],[43.1332054,36.3383417],[43.133407,36.3382587],[43.1342488,36.3379149],[43.1352803,36.3373813],[43.1360392,36.3369663],[43.1362479,36.3367599],[43.1366678,36.3365372],[43.1380502,36.3340806],[43.1400533,36.3304792]]},"properties":{"id":11,"Name":null,"kind":"street","source_record":"2003_Main_Roads.geojson:12:0","component":1,"connectivity":8,"mean_depth":3.036036036036036,"integration_1_md":0.3293768545994065,"component_size":112}},{"type":"Feature","geometry":{"type":"LineString","coordinates":[[43.1307663,36.3336809],[43.1312621,36.3326513],[43.131815,36.3312785],[43.1319676,36.3307255],[43.1339338,36.3247333]]},"properties":{"id":12,"Name":null,"kind":"street","source_record":"2003_Main_Roads.geojson:13:0","component":1,"connectivity":6,"mean_depth":3.036036036036036,"integration_1_md":0.3293768545994065,"component_size":112}},{"type":"Feature","geometry":{"type":"LineString","coordinates":[[43.131094,36.3330269],[43.1315399,36.3331169],[43.1319996,36.3330815],[43.1328765,36.3330179],[43.1338807,36.332926],[43.1344111,36.332933],[43.1347364,36.332933],[43.1354424,36.3331165],[43.1394764,36.3345686],[43.1406529,36.3349957],[43.1409188,36.3350682],[43.1407845,36.33582],[43.1406693,36.3364883],[43.1405541,36.3370529],[43.1404934,36.3371359],[43.1403928,36.3372086],[43.1403034,36.3372254],[43.1401356,36.3372421],[43.1377766,36.3366384],[43.1377711,36.3365545],[43.1378158,36.3364427],[43.1381288,36.3358167],[43.1384746,36.3352133],[43.1383989,36.3349864],[43.1380585,36.3340787]]},"properties":{"id":1,"Name":null,"kind":"street","source_record":"2003_Main_Roads.geojson:14:0","component":1,"connectivity":8,"mean_depth":3.5675675675675675,"integration_1_md":0.28030303030303033,"component_size":112}},{"type":"Feature","geometry":{"type":"LineString","coordinates":[[43.1384972,36.3352133],[43.1389435,36.335289],[43.1400177,36.3356747],[43.1405548,36.3358412],[43.1407363,36.3360832]]},"properties":{"id":1,"Name":null,"kind":"street","source_record":"2003_Main_Roads.geojson:15:0","component":1,"connectivity":2,"mean_depth":4.54954954954955,"integration_1_md":0.2198019801980198,"component_size":112}},{"type":"Feature","geometry":{"type":"LineString","coordinates":[[43.1377888,36.3366335],[43.1366738,36.3370795]]},"properties":{"id":9,"Name":null,"kind":"street","source_record":"2003_Main_Roads.geojson:16:0","component":1,"connectivity":2,"mean_depth":4.54054054054054,"integration_1_md":0.22023809523809526,"component_size":112}},{"type":"Feature","geometry":{"type":"LineString","coordinates":[[43.136663,36.3365431],[43.1365669,36.3367185],[43.1364933,36.3368825],[43.1364933,36.3369674],[43.1365273,36.337024],[43.1365782,36.3370579],[43.136663,36.3370805]]},"properties":{"id":10,"Name":null,"kind":"street","source_record":"2003_Main_Roads.geojson:17:0","component":1,"connectivity":2,"mean_depth":4.009009009009009,"integration_1_md":0.249438202247191,"component_size":112}},{"type":"Feature","geometry":{"type":"LineString","coordinates":[[43.1351274,36.3364549],[43.1351742,36.3357753],[43.1351274,36.3348613],[43.1352445,36.3333615],[43.1352211,36.3326901],[43.1352478,36.332277],[43.1360779,36.3279214],[43.1359491,36.3277639],[43.1331766,36.3271461],[43.1316263,36.3267831],[43.1309608,36.3266205],[43.1301037,36.3264236],[43.1274369,36.325653],[43.1258931,36.3253031],[43.123059,36.3247267],[43.1225021,36.3246556],[43.1221947,36.3245734],[43.1220195,36.3243696],[43.1219809,36.3242476],[43.1219175,36.3239798]]},"properties":{"id":10,"Name":null,"kind":"street","source_record":"2003_Main_Roads.geojson:18:0","component":1,"connectivity":10,"mean_depth":3.5135135135135136,"integration_1_md":0.2846153846153846,"component_size":112}},{"type":"Feature","geometry":{"type":"LineString","coordinates":[[43.1359613,36.3277712],[43.1361564,36.3278297],[43.1364804,36.3278766],[43.1398736,36.3304091],[43.1403365,36.330609],[43.1421582,36.3314195],[43.1422564,36.331535],[43.1424847,36.3317509],[43.1422445,36.3318718],[43.1394582,36.3347055]]},"properties":{"id":10,"Name":null,"kind":"street","source_record":"2003_Main_Roads.geojson:19:0","component":1,"connectivity":6,"mean_depth":3.5585585585585586,"integration_1_md":0.2810126582278481,"component_size":112}},{"type":"Feature","geometry":{"type":"LineString","coordinates":[[43.1389215,36.3352758],[43.1391128,36.3348548],[43.1392276,36.3346635],[43.1392914,36.3345232]]},"properties":{"id":10,"Name":null,"kind":"street","source_record":"2003_Main_Roads.geojson:20:0","component":1,"connectivity":2,"mean_depth":4.54954954954955,"integration_1_md":0.2198019801980198,"component_size":112}},{"type":"Feature","geometry":{"type":"LineString","coordinates":[[43.1409277,36.3350499],[43.1415983,36.3350913],[43.1424345,36.3351492],[43.1429975,36.3352072],[43.1436101,36.335232],[43.1442062,36.33529]]},"properties":{"id":10,"Name":null,"kind":"street","source_record":"2003_Main_Roads.geojson:21:0","component":1,"connectivity":2,"mean_depth":4.5225225225225225,"integration_1_md":0.22111553784860558,"component_size":112}},{"type":"Feature","geometry":{"type":"LineString","coordinates":[[43.1408627,36.3383313],[43.1412003,36.3380129],[43.1414705,36.3376945],[43.1417117,36.3373472],[43.1419046,36.3368745],[43.1422133,36.3362474],[43.1423484,36.3358712],[43.142387,36.3355721],[43.1423773,36.3351476]]},"properties":{"id":11,"Name":null,"kind":"street","source_record":"2003_Main_Roads.geojson:22:0","component":1,"connectivity":2,"mean_depth":4.882882882882883,"integration_1_md":0.2047970479704797,"component_size":112}},{"type":"Feature","geometry":{"type":"LineString","coordinates":[[43.1244829,36.3452103],[43.1248673,36.3452652],[43.1254275,36.3453641],[43.1265148,36.3456277],[43.1271409,36.3458803],[43.1274923,36.3460121],[43.1278877,36.3459791],[43.128371,36.346089],[43.1287664,36.3462208],[43.1291398,36.3463636],[43.1295133,36.3464404],[43.1299636,36.3465393]]},"properties":{"id":12,"Name":"شارع المكاوي","kind":"street","source_record":"2003_Main_Roads.geojson:23:0","component":1,"connectivity":3,"mean_depth":4.225225225225225,"integration_1_md":0.23667377398720682,"component_size":112}},{"type":"Feature","geometry":{"type":"LineString","coordinates":[[43.1211267,36.3511859],[43.118855,36.35243],[43.1185304,36.3526193],[43.1170701,36.3536199],[43.1160694,36.3542419],[43.1152851,36.3546476],[43.1143656,36.3552966],[43.1122265,36.3567022],[43.105788,36.3587491]]},"properties":{"id":1,"Name":null,"kind":"street","source_record":"2003_Main_Roads.geojson:24:0","component":1,"connectivity":4,"mean_depth":3.5045045045045047,"integration_1_md":0.2853470437017995,"component_size":112}},{"type":"Feature","geometry":{"type":"LineString","coordinates":[[43.1046784,36.3589801],[43.1044423,36.3583815],[43.1043327,36.3580611],[43.1043704,36.3578154],[43.1047576,36.3572523],[43.1051447,36.3565485],[43.1056726,36.3556159],[43.1061897,36.3546172],[43.1074884,36.3520678],[43.1088834,36.3497109],[43.1095568,36.3486526],[43.1097011,36.3483159],[43.1104226,36.3470653],[43.1116251,36.345959],[43.1121542,36.3453818],[43.1131163,36.3449488],[43.1142883,36.3445392],[43.1154437,36.3441677],[43.1157246,36.3440635]]},"properties":{"id":1,"Name":null,"kind":"street","source_record":"2003_Main_Roads.geojson:25:0","component":1,"connectivity":3,"mean_depth":3.5225225225225225,"integration_1_md":0.28388746803069054,"component_size":112}},{"type":"Feature","geometry":{"type":"LineString","coordinates":[[43.1176019,36.3452215],[43.1170957,36.3445031],[43.1166991,36.3439936],[43.116194,36.3434485],[43.1155411,36.3429813],[43.1139659,36.3422812],[43.1124157,36.3420562],[43.1091982,36.341539],[43.1076194,36.3412759],[43.1018913,36.3401511]]},"properties":{"id":1,"Name":null,"kind":"street","source_record":"2003_Main_Roads.geojson:26:0","component":1,"connectivity":5,"mean_depth":3.225225225225225,"integration_1_md":0.31005586592178774,"component_size":112}},{"type":"Feature","geometry":{"type":"LineString","coordinates":[[43.0980354,36.3295464],[43.1137474,36.3349186],[43.1161008,36.3357283],[43.1192395,36.33712]]},"properties":{"id":1,"Name":null,"kind":"street","source_record":"2003_Main_Roads.geojson:27:0","component":1,"connectivity":4,"mean_depth":3.6576576576576576,"integration_1_md":0.2733990147783251,"component_size":112}},{"type":"Feature","geometry":{"type":"LineString","coordinates":[[43.1067408,36.3372193],[43.1152999,36.3356426]]},"properties":{"id":1,"Name":null,"kind":"street","source_record":"2003_Main_Roads.geojson:28:0","component":1,"connectivity":1,"mean_depth":5.72972972972973,"integration_1_md":0.17452830188679244,"component_size":112}},{"type":"Feature","geometry":{"type":"LineString","coordinates":[[43.1362251,36.3276261],[43.1378859,36.3261487],[43.1390609,36.3250576],[43.1402079,36.3213649],[43.1405542,36.3200594]]},"properties":{"id":1,"Name":null,"kind":"street","source_record":"2003_Main_Roads.geojson:29:0","component":1,"connectivity":1,"mean_depth":4.7657657657657655,"integration_1_md":0.20982986767485823,"component_size":112}},{"type":"Feature","geometry":{"type":"LineString","coordinates":[[43.1361215,36.3276067],[43.136984,36.324722],[43.1371705,36.3241625],[43.1396217,36.3197663]]},"properties":{"id":1,"Name":null,"kind":"street","source_record":"2003_Main_Roads.geojson:30:0","component":1,"connectivity":2,"mean_depth":4.738738738738738,"integration_1_md":0.21102661596958178,"component_size":112}},{"type":"Feature","geometry":{"type":"LineString","coordinates":[[43.1340136,36.3327327],[43.135302,36.3323222],[43.136923,36.331867],[43.1404271,36.3303814],[43.1427409,36.3292245],[43.1454101,36.3277832],[43.1458239,36.3275738],[43.1458458,36.3274348],[43.1459848,36.3273105],[43.1461896,36.3273031],[43.1463725,36.3273178],[43.1466359,36.3272373],[43.1519693,36.3251249]]},"properties":{"id":1,"Name":null,"kind":"street","source_record":"2003_Main_Roads.geojson:31:0","component":1,"connectivity":5,"mean_depth":3.5765765765765765,"integration_1_md":0.2795969773299748,"component_size":112}},{"type":"Feature","geometry":{"type":"LineString","coordinates":[[43.1230943,36.3244032],[43.1234385,36.3246354],[43.1240368,36.3247734],[43.1303326,36.3262888],[43.1314411,36.32659]]},"properties":{"id":1,"Name":null,"kind":"street","source_record":"2003_Main_Roads.geojson:32:0","component":1,"connectivity":3,"mean_depth":4.693693693693693,"integration_1_md":0.21305182341650675,"component_size":112}},{"type":"Feature","geometry":{"type":"LineString","coordinates":[[43.1367389,36.3427502],[43.1371582,36.3426304],[43.1375133,36.3424935],[43.1380467,36.3420737],[43.1381862,36.3419934],[43.138297,36.3419219],[43.1384006,36.341854],[43.1384728,36.3417726],[43.1384962,36.34172]]},"properties":{"id":1,"Name":null,"kind":"street","source_record":"2003_Main_Roads.geojson:33:0","component":1,"connectivity":3,"mean_depth":3.5675675675675675,"integration_1_md":0.28030303030303033,"component_size":112}},{"type":"Feature","geometry":{"type":"LineString","coordinates":[[43.1367741,36.341227],[43.1371752,36.341343],[43.1373873,36.3414126],[43.1378978,36.3415319],[43.138322,36.3416612],[43.1384981,36.34172]]},"properties":{"id":1,"Name":null,"kind":"street","source_record":"2003_Main_Roads.geojson:34:0","component":1,"connectivity":2,"mean_depth":4.09009009009009,"integration_1_md":0.2444933920704846,"component_size":112}},{"type":"Feature","geometry":{"type":"LineString","coordinates":[[43.1367144,36.3427395],[43.1367032,36.3428347],[43.1367106,36.3428851],[43.1375981,36.3431271],[43.1380816,36.3432788]]},"properties":{"id":1,"Name":null,"kind":"street","source_record":"2003_Main_Roads.geojson:35:0","component":1,"connectivity":2,"mean_depth":3.5765765765765765,"integration_1_md":0.2795969773299748,"component_size":112}},{"type":"Feature","geometry":{"type":"LineString","coordinates":[[43.1365456,36.3451346],[43.1369149,36.3448808],[43.1371016,36.3447195],[43.1373139,36.3445115],[43.1374794,36.3443248],[43.1375898,36.3441804],[43.1377468,36.3439512],[43.1381499,36.3433558],[43.1383212,36.3431043],[43.1386885,36.3425389],[43.1393526,36.3415319],[43.1396314,36.3410997],[43.1401605,36.3402864],[43.140286,36.3400982],[43.1403348,36.33991],[43.1403417,36.3397078],[43.1401382,36.3393529],[43.1400924,36.3391512],[43.1402734,36.3389013],[43.1403537,36.3387844],[43.1405003,36.3386469],[43.1406172,36.3385484],[43.140772,36.3385115],[43.1409335,36.338614],[43.1410961,36.3387142],[43.141257,36.3388029],[43.1414195,36.3388915]]},"properties":{"id":1,"Name":"شارع الكورنيش 2","kind":"street","source_record":"2003_Main_Roads.geojson:36:0","component":1,"connectivity":7,"mean_depth":3.972972972972973,"integration_1_md":0.25170068027210885,"component_size":112}},{"type":"Feature","geometry":{"type":"LineString","coordinates":[[43.1115053,36.3594029],[43.1101517,36.3584406],[43.1088932,36.3574888],[43.1062075,36.3555696],[43.1033295,36.3535467],[43.1018775,36.3524405],[43.0983579,36.3489756],[43.0972456,36.3478887],[43.0960043,36.3466466],[43.0947295,36.3454011],[43.0937331,36.3443755],[43.0932339,36.3439314],[43.0931541,36.343745],[43.0931274,36.3435852],[43.0933117,36.3431672],[43.093367,36.3430382],[43.0935421,36.342946],[43.0944751,36.3427178],[43.0951536,36.3425549],[43.0962603,36.3421273],[43.0988136,36.341096],[43.1005108,36.3404275],[43.1011142,36.3402264],[43.1017578,36.3401359],[43.1018785,36.340156]]},"properties":{"id":1,"Name":null,"kind":"street","source_record":"2003_Main_Roads.geojson:37:0","component":1,"connectivity":4,"mean_depth":4.108108108108108,"integration_1_md":0.24342105263157895,"component_size":112}},{"type":"Feature","geometry":{"type":"LineString","coordinates":[[43.115649,36.3427962],[43.1142909,36.3421625],[43.1127345,36.3419062],[43.1084285,36.3412971],[43.1072124,36.3410617],[43.1032615,36.3402644],[43.1017749,36.339969],[43.1013853,36.3399785],[43.1010468,36.3400552],[43.09865,36.340993],[43.0966681,36.3417713],[43.0951387,36.3423776],[43.0935061,36.3428232],[43.0932717,36.3428232],[43.0929475,36.3426799],[43.0927796,36.342515],[43.0927725,36.3423712],[43.0949677,36.3361116],[43.0953339,36.3350282],[43.0964207,36.3319344],[43.0972855,36.3301957],[43.0975034,36.3298285],[43.0978208,36.3296294],[43.0980449,36.3295547]]},"properties":{"id":1,"Name":null,"kind":"street","source_record":"2003_Main_Roads.geojson:38:0","component":1,"connectivity":4,"mean_depth":3.765765765765766,"integration_1_md":0.26555023923444976,"component_size":112}},{"type":"Feature","geometry":{"type":"LineString","coordinates":[[43.0838519,36.3467618],[43.0852968,36.3461652],[43.086808,36.3454892],[43.0876166,36.3451975],[43.0887169,36.3447999],[43.0898039,36.3444287],[43.090851,36.3440999],[43.0914203,36.3439232],[43.091898,36.3438643],[43.0922055,36.3438643],[43.0925654,36.3438839],[43.0928272,36.3439035],[43.0930497,36.3439952],[43.0931856,36.3441261],[43.0938648,36.3447785],[43.0948568,36.3457437],[43.0958935,36.3467715],[43.0969271,36.3478288],[43.0987879,36.3496448],[43.1002371,36.3510493],[43.1016273,36.3524071],[43.1027587,36.3533534],[43.1054297,36.3552523],[43.1068572,36.3562579],[43.1088695,36.3576196],[43.1099717,36.3584092],[43.1107448,36.3589767],[43.1116388,36.3595269]]},"properties":{"id":1,"Name":null,"kind":"street","source_record":"2003_Main_Roads.geojson:40:0","component":1,"connectivity":5,"mean_depth":4.36936936936937,"integration_1_md":0.2288659793814433,"component_size":112}},{"type":"Feature","geometry":{"type":"LineString","coordinates":[[43.0923384,36.343846],[43.0923378,36.3438459],[43.092336,36.3438457],[43.0923331,36.3438454],[43.092329,36.3438449],[43.092324,36.3438443],[43.0923179,36.3438435],[43.0923109,36.3438426],[43.092303,36.3438415],[43.0922943,36.3438402],[43.0922847,36.3438388],[43.0922745,36.3438372],[43.0922635,36.3438355],[43.0922519,36.3438336],[43.0922398,36.3438315],[43.0922271,36.3438293],[43.0922139,36.3438268],[43.0922003,36.3438242],[43.0921862,36.3438214],[43.0921719,36.3438185],[43.0921573,36.3438153],[43.0921424,36.3438119],[43.0921274,36.3438084],[43.0921122,36.3438046],[43.0920969,36.3438007],[43.0920817,36.3437965],[43.0920664,36.3437922],[43.0920512,36.3437876],[43.0920361,36.3437828],[43.0920212,36.3437779],[43.0920065,36.3437726],[43.0919921,36.3437672],[43.091978,36.3437616],[43.0919643,36.3437557],[43.091951,36.3437496],[43.0919382,36.3437432],[43.0919259,36.3437367],[43.0919142,36.3437299],[43.0919031,36.3437228],[43.0918926,36.3437155],[43.0918829,36.343708],[43.0918736,36.3437003],[43.0918641,36.3436925],[43.0918545,36.3436846],[43.0918449,36.3436766],[43.0918353,36.3436685],[43.0918256,36.3436603],[43.0918158,36.343652],[43.0918061,36.3436436],[43.0917964,36.343635],[43.0917867,36.3436263],[43.0917771,36.3436175],[43.0917675,36.3436085],[43.091758,36.3435994],[43.0917486,36.3435901],[43.0917393,36.3435807],[43.0917301,36.3435711],[43.091721,36.3435613],[43.0917121,36.3435514],[43.0917034,36.3435413],[43.0916949,36.343531],[43.0916865,36.3435205],[43.0916784,36.3435098],[43.0916705,36.3434989],[43.0916629,36.3434878],[43.0916555,36.3434764],[43.0916485,36.3434649],[43.0916417,36.3434531],[43.0916352,36.3434411],[43.091629,36.3434289],[43.0916232,36.3434164],[43.0916178,36.3434037],[43.0916127,36.3433908],[43.091608,36.3433775],[43.0916038,36.3433641],[43.0915999,36.3433503],[43.0915965,36.3433363],[43.0915935,36.343322],[43.0915911,36.3433074],[43.0915891,36.3432925],[43.0915876,36.3432773],[43.0915864,36.3432622],[43.0915855,36.3432476],[43.0915847,36.3432334],[43.0915841,36.3432197],[43.0915836,36.3432065],[43.0915833,36.3431936],[43.0915832,36.3431813],[43.0915832,36.3431693],[43.0915833,36.3431578],[43.0915836,36.3431467],[43.091584,36.3431361],[43.0915844,36.3431258],[43.091585,36.343116],[43.0915857,36.3431066],[43.0915864,36.3430976],[43.0915872,36.343089],[43.0915881,36.3430808],[43.091589,36.343073],[43.09159,36.3430656],[43.091591,36.3430586],[43.0915921,36.3430519],[43.0915931,36.3430457],[43.0915942,36.3430398],[43.0915953,36.3430342],[43.0915964,36.3430291],[43.0915975,36.3430243],[43.0915985,36.3430199],[43.0915996,36.3430158],[43.0916006,36.3430121],[43.0916015,36.3430087],[43.0916024,36.3430057],[43.0916033,36.343003],[43.0916041,36.3430006],[43.0916048,36.3429985],[43.0916054,36.3429968],[43.0916059,36.3429954],[43.0916063,36.3429944],[43.0916066,36.3429936],[43.0916068,36.3429931],[43.0916069,36.342993],[43.0916071,36.3429924],[43.0916079,36.3429908],[43.0916091,36.3429882],[43.0916108,36.3429845],[43.091613,36.34298],[43.0916158,36.3429745],[43.091619,36.3429682],[43.0916227,36.3429611],[43.091627,36.3429532],[43.0916318,36.3429446],[43.0916371,36.3429353],[43.0916429,36.3429255],[43.0916492,36.342915],[43.0916561,36.342904],[43.0916635,36.3428925],[43.0916715,36.3428806],[43.0916799,36.3428683],[43.091689,36.3428556],[43.0916985,36.3428427],[43.0917087,36.3428294],[43.0917194,36.342816],[43.0917306,36.3428023],[43.0917424,36.3427886],[43.0917548,36.3427747],[43.0917677,36.3427609],[43.0917812,36.342747],[43.0917953,36.3427332],[43.0918099,36.3427195],[43.0918252,36.3427059],[43.091841,36.3426925],[43.0918574,36.3426794],[43.0918744,36.3426665],[43.091892,36.3426539],[43.0919101,36.3426418],[43.0919289,36.34263],[43.0919483,36.3426187],[43.0919683,36.3426079],[43.0919889,36.3425976],[43.0920102,36.3425879],[43.092032,36.3425789],[43.0920542,36.3425706],[43.0920766,36.342563],[43.0920991,36.342556],[43.0921216,36.3425498],[43.0921441,36.3425442],[43.0921666,36.3425392],[43.0921891,36.3425348],[43.0922115,36.3425309],[43.0922337,36.3425276],[43.0922558,36.3425248],[43.0922777,36.3425225],[43.0922994,36.3425206],[43.0923208,36.3425192],[43.0923419,36.3425181],[43.0923627,36.3425175],[43.0923831,36.3425172],[43.0924031,36.3425172],[43.0924226,36.3425175],[43.0924417,36.342518],[43.0924603,36.3425189],[43.0924782,36.3425199],[43.0924956,36.3425211],[43.0925124,36.3425225],[43.0925285,36.342524],[43.0925439,36.3425257],[43.0925586,36.3425274],[43.0925725,36.3425292],[43.0925856,36.342531],[43.0925979,36.3425328],[43.0926093,36.3425346],[43.0926198,36.3425364],[43.0926293,36.3425381],[43.0926378,36.3425397],[43.0926453,36.3425411],[43.0926518,36.3425424],[43.0926571,36.3425436],[43.0926614,36.3425445],[43.0926645,36.3425452],[43.0926663,36.3425456],[43.092667,36.3425458],[43.0926676,36.342546],[43.0926696,36.3425467],[43.0926728,36.342548],[43.0926772,36.3425496],[43.0926827,36.3425518],[43.0926893,36.3425545],[43.0926969,36.3425576],[43.0927054,36.3425612],[43.0927149,36.3425653],[43.0927251,36.3425698],[43.0927362,36.3425748],[43.092748,36.3425803],[43.0927604,36.3425862],[43.0927735,36.3425926],[43.0927871,36.3425995],[43.0928011,36.3426068],[43.0928157,36.3426146],[43.0928305,36.3426228],[43.0928458,36.3426315],[43.0928612,36.3426407],[43.0928769,36.3426503],[43.0928927,36.3426603],[43.0929086,36.3426708],[43.0929245,36.3426817],[43.0929404,36.3426931],[43.0929563,36.3427049],[43.0929719,36.3427172],[43.0929874,36.3427299],[43.0930026,36.342743],[43.0930175,36.3427566],[43.093032,36.3427706],[43.0930461,36.342785],[43.0930597,36.3427999],[43.0930727,36.3428151],[43.0930852,36.3428308],[43.093097,36.342847],[43.093108,36.3428635],[43.0931183,36.3428805],[43.0931277,36.3428979],[43.0931363,36.3429157],[43.093144,36.3429337],[43.0931513,36.3429515],[43.093158,36.3429693],[43.0931642,36.342987],[43.0931699,36.3430045],[43.0931751,36.3430218],[43.0931799,36.3430389],[43.0931842,36.3430559],[43.0931881,36.3430726],[43.0931916,36.3430891],[43.0931947,36.3431053],[43.0931974,36.3431212],[43.0931998,36.3431368],[43.0932019,36.3431521],[43.0932037,36.3431671],[43.0932051,36.3431817],[43.0932063,36.343196],[43.0932072,36.3432098],[43.0932079,36.3432233],[43.0932084,36.3432363],[43.0932086,36.3432488],[43.0932087,36.3432609],[43.0932086,36.3432725],[43.0932084,36.3432836],[43.093208,36.3432942],[43.0932076,36.3433042],[43.093207,36.3433137],[43.0932064,36.3433225],[43.0932057,36.3433308],[43.093205,36.3433385],[43.0932042,36.3433455],[43.0932035,36.3433518],[43.0932028,36.3433575],[43.0932021,36.3433625],[43.0932014,36.3433668],[43.0932009,36.3433703],[43.0932004,36.3433731],[43.0932001,36.3433751],[43.0931998,36.3433763],[43.0931997,36.3433767],[43.0931995,36.3433772],[43.0931988,36.3433788],[43.0931976,36.3433813],[43.093196,36.3433848],[43.0931939,36.3433891],[43.0931914,36.3433943],[43.0931884,36.3434002],[43.0931849,36.3434069],[43.0931811,36.3434143],[43.0931768,36.3434224],[43.093172,36.3434311],[43.0931669,36.3434403],[43.0931613,36.34345],[43.0931553,36.3434603],[43.0931489,36.3434709],[43.0931421,36.3434819],[43.093135,36.3434933],[43.0931274,36.3435049],[43.0931194,36.3435168],[43.0931111,36.3435289],[43.0931023,36.3435411],[43.0930932,36.3435535],[43.0930838,36.3435659],[43.0930739,36.3435783],[43.0930637,36.3435906],[43.0930532,36.3436029],[43.0930423,36.3436151],[43.0930311,36.3436271],[43.0930195,36.3436389],[43.0930076,36.3436504],[43.0929953,36.3436616],[43.0929828,36.3436725],[43.0929699,36.3436829],[43.0929567,36.3436929],[43.0929432,36.3437025],[43.0929294,36.3437115],[43.0929153,36.3437199],[43.0929009,36.3437276],[43.0928862,36.3437347],[43.0928712,36.3437411],[43.0928559,36.343747],[43.0928401,36.3437527],[43.0928239,36.3437582],[43.0928074,36.3437635],[43.0927906,36.3437686],[43.0927735,36.3437735],[43.0927563,36.3437782],[43.0927388,36.3437828],[43.0927212,36.3437871],[43.0927035,36.3437913],[43.0926857,36.3437953],[43.092668,36.3437991],[43.0926503,36.3438027],[43.0926326,36.3438062],[43.0926151,36.3438095],[43.0925978,36.3438126],[43.0925806,36.3438156],[43.0925638,36.3438184],[43.0925472,36.3438211],[43.0925309,36.3438236],[43.092515,36.3438259],[43.0924996,36.3438281],[43.0924846,36.3438302],[43.0924701,36.3438321],[43.0924561,36.3438339],[43.0924428,36.3438356],[43.09243,36.3438371],[43.092418,36.3438385],[43.0924067,36.3438397],[43.0923961,36.3438409],[43.0923863,36.3438419],[43.0923774,36.3438428],[43.0923694,36.3438436],[43.0923623,36.3438442],[43.0923562,36.3438448],[43.0923511,36.3438452],[43.092347,36.3438456],[43.0923441,36.3438458],[43.0923423,36.343846],[43.0923417,36.343846]]},"properties":{"id":1,"Name":null,"kind":"street","source_record":"2003_Main_Roads.geojson:42:0","component":1,"connectivity":1,"mean_depth":5.36036036036036,"integration_1_md":0.1865546218487395,"component_size":112}},{"type":"Feature","geometry":{"type":"LineString","coordinates":[[43.106742,36.3372464],[43.106238,36.3372143],[43.1053158,36.3371285],[43.1045652,36.3370427],[43.1032677,36.3370105],[43.1021311,36.3369891],[43.1016271,36.3369998],[43.1014448,36.3370641],[43.0999521,36.3369583],[43.0990993,36.3366949],[43.0980834,36.3363563],[43.0969796,36.3359173],[43.0958007,36.3355034],[43.0952488,36.3353529]]},"properties":{"id":1,"Name":null,"kind":"street","source_record":"2003_Main_Roads.geojson:44:0","component":1,"connectivity":2,"mean_depth":4.738738738738738,"integration_1_md":0.21102661596958178,"component_size":112}},{"type":"Feature","geometry":{"type":"LineString","coordinates":[[43.0932148,36.3435643],[43.0948486,36.3440042],[43.0962102,36.3446326],[43.0978022,36.3455961],[43.0992894,36.346434],[43.1004624,36.346832],[43.1019497,36.3472719],[43.1033978,36.3473784],[43.1047821,36.3473784],[43.1062515,36.3470802],[43.1080617,36.3464626],[43.1095311,36.3456534],[43.1108515,36.3445247],[43.1124045,36.3426893],[43.113042,36.3419607],[43.1154973,36.3392239],[43.116014,36.3385924],[43.1162723,36.3380757],[43.1166359,36.3372912],[43.1169134,36.3366597],[43.1170569,36.33621],[43.1172618,36.3357905],[43.1175452,36.33575],[43.1180067,36.3357662],[43.1187569,36.3359019],[43.1191353,36.3359019],[43.1197723,36.3357253],[43.120867,36.3354434],[43.1214082,36.3353276],[43.1220116,36.3354513]]},"properties":{"id":1,"Name":null,"kind":"street","source_record":"2003_Main_Roads.geojson:45:0","component":1,"connectivity":5,"mean_depth":3.3513513513513513,"integration_1_md":0.29838709677419356,"component_size":112}},{"type":"Feature","geometry":{"type":"LineString","coordinates":[[43.0968634,36.3289803],[43.0970429,36.329039],[43.0972154,36.329039],[43.097419,36.3289907],[43.0976192,36.3288941],[43.0977917,36.3287491],[43.09837,36.3278514],[43.0994757,36.326721],[43.101326,36.3248503],[43.1074027,36.3185955],[43.1127617,36.313053],[43.1139858,36.311802],[43.114608,36.3107355],[43.1149249,36.309854],[43.1151053,36.3087537],[43.1151158,36.3080718]]},"properties":{"id":1,"Name":null,"kind":"street","source_record":"2003_Main_Roads.geojson:47:0","component":1,"connectivity":2,"mean_depth":6.612612612612613,"integration_1_md":0.15122615803814715,"component_size":112}},{"type":"Feature","geometry":{"type":"LineString","coordinates":[[43.1151297,36.3111492],[43.1146961,36.3113744],[43.114079,36.3120165],[43.113587,36.3125252],[43.1129115,36.3132006],[43.1122944,36.3138428],[43.1104229,36.3157458],[43.1097129,36.3165235],[43.1071526,36.3191373],[43.1051863,36.3211537],[43.1042051,36.3221635],[43.1010448,36.3254153],[43.0988963,36.3276097],[43.0983036,36.3283096],[43.0979751,36.3288309],[43.0979465,36.328988],[43.0980108,36.329238],[43.0981608,36.3294379],[43.098396,36.3296043],[43.0987086,36.3297606]]},"properties":{"id":1,"Name":null,"kind":"street","source_record":"2003_Main_Roads.geojson:48:0","component":1,"connectivity":4,"mean_depth":4.09009009009009,"integration_1_md":0.2444933920704846,"component_size":112}},{"type":"Feature","geometry":{"type":"LineString","coordinates":[[43.0968687,36.3289766],[43.0961565,36.3287251],[43.0950027,36.3282946],[43.0934522,36.3277069],[43.0926308,36.3273127]]},"properties":{"id":1,"Name":null,"kind":"street","source_record":"2003_Main_Roads.geojson:50:0","component":1,"connectivity":1,"mean_depth":7.603603603603603,"integration_1_md":0.13151658767772512,"component_size":112}},{"type":"Feature","geometry":{"type":"LineString","coordinates":[[43.1104303,36.3157754],[43.1104178,36.3159503],[43.1104803,36.316044],[43.1111864,36.3165252],[43.1124922,36.3173687],[43.1155224,36.3193292],[43.1158314,36.3195228],[43.1183989,36.3213678],[43.1211295,36.3231197],[43.1220495,36.3237656],[43.1223551,36.3239023],[43.1226002,36.3238892],[43.1227767,36.3237846],[43.1228565,36.3235729],[43.1229169,36.3233916],[43.1232517,36.3208016],[43.1233202,36.320288],[43.1232774,36.3197402],[43.1231576,36.3193721],[43.122388,36.3173925],[43.1220955,36.3166405],[43.122012,36.3163481],[43.121918,36.3163063],[43.1216151,36.3163376],[43.1205706,36.3167136],[43.1186488,36.3175179],[43.1179386,36.3178625],[43.1173119,36.3181028],[43.1168106,36.3183221],[43.116351,36.3186145],[43.1158079,36.319189],[43.1156408,36.3193874]]},"properties":{"id":1,"Name":null,"kind":"street","source_record":"2003_Main_Roads.geojson:51:0","component":1,"connectivity":1,"mean_depth":5.081081081081081,"integration_1_md":0.19680851063829788,"component_size":112}},{"type":"Feature","geometry":{"type":"LineString","coordinates":[[43.11512,36.3111569],[43.1153612,36.311075],[43.1157526,36.3110113],[43.1161804,36.3110568],[43.1164944,36.3111341],[43.1169905,36.3113298],[43.1173591,36.3114937],[43.1180189,36.3117667],[43.1194343,36.3123629],[43.1196191,36.3124769],[43.1198118,36.3126971],[43.1199337,36.3129095],[43.1215406,36.3155631],[43.1217905,36.315945],[43.1218252,36.316063],[43.1217072,36.3161741],[43.1215406,36.3162505],[43.1208464,36.3165479],[43.1202434,36.3168039],[43.1197661,36.3170078],[43.1185684,36.3175242],[43.118045,36.3177515],[43.1172829,36.3180539],[43.1168055,36.3182813],[43.1163171,36.3186013],[43.1156403,36.3192891]]},"properties":{"id":1,"Name":null,"kind":"street","source_record":"2003_Main_Roads.geojson:52:0","component":1,"connectivity":1,"mean_depth":5.081081081081081,"integration_1_md":0.19680851063829788,"component_size":112}},{"type":"Feature","geometry":{"type":"LineString","coordinates":[[43.1151418,36.3080803],[43.1151526,36.3084206],[43.1151961,36.3088877],[43.1152721,36.3092569],[43.1154666,36.3097515],[43.1158316,36.310252],[43.1161861,36.3106483],[43.1169226,36.3111344],[43.1175992,36.3114163],[43.1187326,36.3118939],[43.1194727,36.3122408],[43.1197508,36.3124943],[43.1206978,36.3140427],[43.1210475,36.3145813],[43.1218869,36.3158986],[43.1220008,36.3160836],[43.1220862,36.3161832],[43.1221383,36.3163493],[43.1229631,36.318464],[43.1231761,36.3190322],[43.1233291,36.3194965],[43.1234152,36.3204975],[43.1233042,36.3214117],[43.1230268,36.323593],[43.1229904,36.3239994],[43.1229848,36.3241704],[43.1229956,36.3242798],[43.1230889,36.3244014]]},"properties":{"id":1,"Name":null,"kind":"street","source_record":"2003_Main_Roads.geojson:53:0","component":1,"connectivity":3,"mean_depth":5.63963963963964,"integration_1_md":0.17731629392971246,"component_size":112}},{"type":"Feature","geometry":{"type":"LineString","coordinates":[[43.1219591,36.324147],[43.1219241,36.3239892],[43.1218597,36.3238372],[43.121737,36.3237027],[43.1209945,36.3232876],[43.1203443,36.3228429],[43.1197978,36.3224923],[43.1174398,36.3210057],[43.1153595,36.319404],[43.1134744,36.3181698],[43.1104492,36.3162012],[43.1102757,36.3161502],[43.110189,36.3161604],[43.110092,36.316191],[43.1100308,36.3161961]]},"properties":{"id":1,"Name":null,"kind":"street","source_record":"2003_Main_Roads.geojson:54:0","component":1,"connectivity":2,"mean_depth":4.108108108108108,"integration_1_md":0.24342105263157895,"component_size":112}},{"type":"Feature","geometry":{"type":"LineString","coordinates":[[43.1272083,36.3279679],[43.1255312,36.3294709],[43.1245029,36.3303252],[43.1238067,36.3309422],[43.1234903,36.331227],[43.1235075,36.3314772],[43.1234877,36.3316559],[43.1234202,36.3318385],[43.1233527,36.3319179],[43.1232653,36.3319814],[43.1231502,36.3320132],[43.1229954,36.332033],[43.1227969,36.3320449],[43.1226341,36.3320648],[43.1225349,36.3320846],[43.1205948,36.3337246],[43.1189763,36.335158],[43.11884,36.3353497],[43.1188187,36.3355158],[43.1188442,36.3356308],[43.1192428,36.3368031],[43.1192634,36.3369198],[43.1192805,36.3370125],[43.1193252,36.3371258]]},"properties":{"id":1,"Name":null,"kind":"street","source_record":"2003_Main_Roads.geojson:55:0","component":1,"connectivity":3,"mean_depth":3.5945945945945947,"integration_1_md":0.2781954887218045,"component_size":112}},{"type":"Feature","geometry":{"type":"LineString","coordinates":[[43.130748,36.3263759],[43.1307634,36.3258477],[43.1307634,36.3258467],[43.1307635,36.3258437],[43.1307635,36.3258386],[43.1307636,36.3258317],[43.1307637,36.3258229],[43.1307638,36.3258124],[43.1307639,36.3258001],[43.130764,36.3257861],[43.1307642,36.3257705],[43.1307643,36.3257533],[43.1307645,36.3257346],[43.1307647,36.3257145],[43.1307649,36.325693],[43.1307652,36.3256702],[43.1307654,36.3256461],[43.1307656,36.3256208],[43.1307659,36.3255943],[43.1307662,36.3255668],[43.1307664,36.3255382],[43.1307667,36.3255086],[43.130767,36.325478],[43.1307673,36.3254467],[43.1307676,36.3254145],[43.1307679,36.3253815],[43.1307683,36.3253479],[43.1307686,36.3253136],[43.1307689,36.3252788],[43.1307693,36.3252434],[43.1307696,36.3252075],[43.13077,36.3251713],[43.1307703,36.3251347],[43.1307707,36.3250978],[43.130771,36.3250607],[43.1307714,36.3250235],[43.1307718,36.3249861],[43.1307721,36.3249486],[43.1307725,36.3249112],[43.1307728,36.3248738],[43.1307732,36.3248365],[43.1307736,36.3247994],[43.1307739,36.3247625],[43.1307743,36.3247259],[43.1307746,36.3246897],[43.130775,36.3246538],[43.1307753,36.3246185],[43.1307756,36.3245836],[43.130776,36.3245493],[43.1307763,36.3245157],[43.1307766,36.3244827],[43.1307769,36.3244506],[43.1307772,36.3244192],[43.1307775,36.3243887],[43.1307778,36.3243591],[43.1307781,36.3243305],[43.1307784,36.3243029],[43.1307786,36.3242764],[43.1307789,36.3242511],[43.1307791,36.324227],[43.1307793,36.3242042],[43.1307795,36.3241827],[43.1307797,36.3241626],[43.1307799,36.3241439],[43.1307801,36.3241267],[43.1307802,36.3241111],[43.1307803,36.3240972],[43.1307805,36.3240849],[43.1307806,36.3240743],[43.1307807,36.3240655],[43.1307807,36.3240586],[43.1307808,36.3240536],[43.1307808,36.3240505],[43.1307808,36.3240495],[43.1307808,36.3240494],[43.1307809,36.3240492],[43.1307809,36.3240488],[43.130781,36.3240484],[43.1307811,36.3240477],[43.1307812,36.3240469],[43.1307812,36.324046],[43.1307813,36.324045],[43.1307814,36.3240438],[43.1307814,36.3240424],[43.1307814,36.3240409],[43.1307814,36.3240393],[43.1307813,36.3240375],[43.1307812,36.3240356],[43.130781,36.3240335],[43.1307808,36.3240313],[43.1307805,36.3240289],[43.1307801,36.3240264],[43.1307797,36.3240237],[43.1307792,36.3240209],[43.1307786,36.3240179],[43.1307779,36.3240148],[43.1307771,36.3240115],[43.1307761,36.3240081],[43.1307751,36.3240045],[43.130774,36.3240008],[43.1307727,36.3239969],[43.1307713,36.3239929],[43.1307698,36.3239887],[43.1307682,36.3239844],[43.1307663,36.3239799],[43.1307644,36.3239752],[43.1307623,36.3239704],[43.13076,36.3239655],[43.1307575,36.3239604],[43.1307549,36.3239551],[43.130752,36.3239496],[43.130749,36.323944],[43.1307458,36.3239383],[43.1307424,36.3239324],[43.1307388,36.3239263],[43.130735,36.3239201],[43.1307309,36.3239137],[43.1307266,36.3239071],[43.1307221,36.3239004],[43.1307174,36.3238935],[43.1307124,36.3238865],[43.1307072,36.3238793],[43.1307017,36.3238719],[43.130696,36.3238644],[43.1306899,36.3238566],[43.1306837,36.3238488],[43.1306771,36.3238407],[43.1306702,36.3238325],[43.1306631,36.3238242],[43.1306557,36.3238156],[43.1306479,36.3238069],[43.1306399,36.323798],[43.1306315,36.323789],[43.1306228,36.3237798],[43.1306138,36.3237704],[43.1306045,36.3237608],[43.1305948,36.3237511],[43.1305848,36.3237412],[43.1305744,36.3237311],[43.1305637,36.3237209],[43.1305526,36.3237105],[43.1305411,36.3236999],[43.1305293,36.3236891],[43.1305171,36.3236781],[43.1305045,36.323667],[43.1304915,36.3236557],[43.1304899,36.3236545],[43.1304881,36.3236531],[43.1304861,36.3236516],[43.1304839,36.3236498],[43.1304814,36.3236479],[43.1304788,36.3236458],[43.1304759,36.3236436],[43.1304728,36.3236412],[43.1304696,36.3236386],[43.1304662,36.3236359],[43.1304626,36.3236331],[43.1304588,36.3236301],[43.1304549,36.323627],[43.1304508,36.3236238],[43.1304466,36.3236205],[43.1304423,36.3236171],[43.1304378,36.3236135],[43.1304332,36.3236099],[43.1304285,36.3236062],[43.1304237,36.3236024],[43.1304188,36.3235985],[43.1304139,36.3235946],[43.1304088,36.3235905],[43.1304036,36.3235865],[43.1303984,36.3235823],[43.1303931,36.3235781],[43.1303878,36.3235739],[43.1303824,36.3235697],[43.130377,36.3235654],[43.1303716,36.323561],[43.1303661,36.3235567],[43.1303606,36.3235523],[43.1303551,36.323548],[43.1303496,36.3235436],[43.1303441,36.3235392],[43.1303386,36.3235349],[43.1303332,36.3235306],[43.1303277,36.3235262],[43.1303223,36.323522],[43.130317,36.3235177],[43.1303117,36.3235135],[43.1303064,36.3235093],[43.1303012,36.3235052],[43.1302961,36.3235011],[43.130291,36.3234971],[43.1302861,36.3234932],[43.1302812,36.3234893],[43.1302765,36.3234855],[43.1302718,36.3234818],[43.1302673,36.3234782],[43.1302629,36.3234747],[43.1302586,36.3234713],[43.1302544,36.323468],[43.1302504,36.3234648],[43.1302466,36.3234618],[43.1302429,36.3234588],[43.1302394,36.323456],[43.130236,36.3234534],[43.1302329,36.3234508],[43.1302299,36.3234485],[43.1302271,36.3234463],[43.1302245,36.3234442],[43.1302221,36.3234423],[43.13022,36.3234406],[43.1302181,36.3234391],[43.1302164,36.3234377],[43.1302149,36.3234366],[43.1302137,36.3234356],[43.1302128,36.3234349],[43.1302121,36.3234343],[43.1302117,36.323434],[43.1302115,36.3234339],[43.1302078,36.323431],[43.1301966,36.3234224],[43.1301784,36.3234083],[43.1301531,36.3233888],[43.1301212,36.3233641],[43.1300827,36.3233344],[43.1300379,36.3232998],[43.1299869,36.3232605],[43.1299301,36.3232166],[43.1298676,36.3231684],[43.1297996,36.3231159],[43.1297264,36.3230594],[43.1296481,36.3229989],[43.129565,36.3229347],[43.1294772,36.322867],[43.129385,36.3227958],[43.1292886,36.3227214],[43.1291882,36.3226439],[43.129084,36.3225634],[43.1289763,36.3224802],[43.1288651,36.3223944],[43.1287508,36.3223062],[43.1286336,36.3222157],[43.1285136,36.3221231],[43.1283911,36.3220285],[43.1282663,36.3219321],[43.1281393,36.3218341],[43.1280105,36.3217347],[43.12788,36.3216339],[43.127748,36.321532],[43.1276148,36.3214292],[43.1274805,36.3213255],[43.1273453,36.3212212],[43.1272095,36.3211163],[43.1270734,36.3210112],[43.1269369,36.3209059],[43.1268005,36.3208006],[43.1266643,36.3206954],[43.1265286,36.3205906],[43.1263934,36.3204863],[43.1262591,36.3203826],[43.1261259,36.3202797],[43.1259939,36.3201778],[43.1258634,36.3200771],[43.1257346,36.3199776],[43.1256076,36.3198796],[43.1254828,36.3197833],[43.1253603,36.3196887],[43.1252403,36.3195961],[43.1251231,36.3195056],[43.1250088,36.3194173],[43.1248976,36.3193315],[43.1247899,36.3192483],[43.1246857,36.3191679],[43.1245853,36.3190904],[43.1244889,36.319016],[43.1243967,36.3189448],[43.1243089,36.318877],[43.1242258,36.3188128],[43.1241475,36.3187524],[43.1240743,36.3186959],[43.1240063,36.3186434],[43.1239438,36.3185951],[43.123887,36.3185513],[43.123836,36.318512],[43.1237912,36.3184774],[43.1237527,36.3184477],[43.1237208,36.318423],[43.1236955,36.3184035],[43.1236773,36.3183894],[43.1236661,36.3183808],[43.1236624,36.3183779],[43.123662,36.3183779],[43.1236609,36.3183781],[43.123659,36.3183783],[43.1236564,36.3183787],[43.1236532,36.3183791],[43.1236493,36.3183796],[43.1236448,36.3183802],[43.1236396,36.3183808],[43.1236338,36.3183816],[43.1236275,36.3183824],[43.1236206,36.3183833],[43.1236132,36.3183842],[43.1236052,36.3183852],[43.1235968,36.3183863],[43.1235879,36.3183875],[43.1235785,36.3183887],[43.1235688,36.3183899],[43.1235586,36.3183912],[43.123548,36.3183926],[43.1235371,36.318394],[43.1235258,36.3183955],[43.1235142,36.318397],[43.1235023,36.3183985],[43.1234902,36.3184001],[43.1234777,36.3184017],[43.1234651,36.3184033],[43.1234522,36.3184049],[43.1234391,36.3184066],[43.1234259,36.3184083],[43.1234125,36.3184101],[43.123399,36.3184118],[43.1233854,36.3184135],[43.1233717,36.3184153],[43.1233579,36.3184171],[43.1233441,36.3184189],[43.1233302,36.3184206],[43.1233164,36.3184224],[43.1233026,36.3184242],[43.1232888,36.318426],[43.1232751,36.3184277],[43.1232615,36.3184295],[43.123248,36.3184312],[43.1232346,36.318433],[43.1232214,36.3184347],[43.1232083,36.3184363],[43.1231954,36.318438],[43.1231827,36.3184396],[43.1231703,36.3184412],[43.1231582,36.3184428],[43.1231463,36.3184443],[43.1231347,36.3184458],[43.1231234,36.3184473],[43.1231125,36.3184487],[43.1231019,36.31845],[43.1230917,36.3184513],[43.1230819,36.3184526],[43.1230726,36.3184538],[43.1230637,36.3184549],[43.1230553,36.318456],[43.1230473,36.3184571],[43.1230399,36.318458],[43.123033,36.3184589],[43.1230266,36.3184597],[43.1230209,36.3184605],[43.1230157,36.3184611],[43.1230112,36.3184617],[43.1230073,36.3184622],[43.123004,36.3184626],[43.1230015,36.318463],[43.1229996,36.3184632],[43.1229985,36.3184633],[43.1229981,36.3184634]]},"properties":{"id":1,"Name":null,"kind":"street","source_record":"2003_Main_Roads.geojson:56:0","component":1,"connectivity":2,"mean_depth":5.657657657657658,"integration_1_md":0.1767515923566879,"component_size":112}},{"type":"Feature","geometry":{"type":"LineString","coordinates":[[43.1339397,36.3247262],[43.1339405,36.3247235],[43.133943,36.3247157],[43.1339471,36.3247028],[43.1339527,36.3246849],[43.1339598,36.3246624],[43.1339684,36.3246352],[43.1339784,36.3246035],[43.1339897,36.3245675],[43.1340024,36.3245274],[43.1340163,36.3244832],[43.1340314,36.3244352],[43.1340477,36.3243835],[43.1340652,36.3243281],[43.1340837,36.3242694],[43.1341032,36.3242074],[43.1341238,36.3241423],[43.1341453,36.3240742],[43.1341676,36.3240032],[43.1341908,36.3239296],[43.1342148,36.3238535],[43.1342396,36.323775],[43.1342651,36.3236942],[43.1342912,36.3236114],[43.1343179,36.3235266],[43.1343452,36.32344],[43.134373,36.3233519],[43.1344013,36.3232622],[43.13443,36.3231712],[43.134459,36.323079],[43.1344884,36.3229857],[43.1345181,36.3228916],[43.134548,36.3227967],[43.1345781,36.3227012],[43.1346084,36.3226053],[43.1346387,36.322509],[43.1346691,36.3224127],[43.1346995,36.3223163],[43.1347298,36.3222201],[43.1347601,36.3221242],[43.1347902,36.3220287],[43.1348201,36.3219338],[43.1348498,36.3218397],[43.1348792,36.3217464],[43.1349082,36.3216542],[43.1349369,36.3215632],[43.1349652,36.3214735],[43.134993,36.3213853],[43.1350203,36.3212988],[43.135047,36.321214],[43.1350732,36.3211312],[43.1350986,36.3210504],[43.1351234,36.3209719],[43.1351474,36.3208957],[43.1351706,36.3208221],[43.135193,36.3207512],[43.1352144,36.3206831],[43.135235,36.320618],[43.1352545,36.3205559],[43.135273,36.3204972],[43.1352905,36.3204419],[43.1353068,36.3203902],[43.1353219,36.3203421],[43.1353359,36.320298],[43.1353485,36.3202578],[43.1353599,36.3202219],[43.1353698,36.3201902],[43.1353784,36.320163],[43.1353855,36.3201404],[43.1353912,36.3201226],[43.1353952,36.3201097],[43.1353977,36.3201018],[43.1353985,36.3200992],[43.1353987,36.3200989],[43.135399,36.3200982],[43.1353995,36.3200969],[43.1354002,36.3200953],[43.1354012,36.3200931],[43.1354023,36.3200906],[43.1354036,36.3200876],[43.135405,36.3200842],[43.1354067,36.3200804],[43.1354085,36.3200762],[43.1354104,36.3200717],[43.1354126,36.3200668],[43.1354148,36.3200616],[43.1354172,36.3200561],[43.1354198,36.3200502],[43.1354224,36.3200441],[43.1354252,36.3200377],[43.1354281,36.320031],[43.1354311,36.320024],[43.1354343,36.3200169],[43.1354375,36.3200095],[43.1354408,36.3200019],[43.1354442,36.319994],[43.1354476,36.319986],[43.1354512,36.3199779],[43.1354548,36.3199696],[43.1354584,36.3199611],[43.1354622,36.3199525],[43.1354659,36.3199438],[43.1354698,36.3199351],[43.1354736,36.3199262],[43.1354775,36.3199172],[43.1354814,36.3199082],[43.1354853,36.3198992],[43.1354893,36.3198901],[43.1354932,36.319881],[43.1354971,36.3198719],[43.1355011,36.3198629],[43.135505,36.3198538],[43.1355089,36.3198448],[43.1355128,36.3198359],[43.1355166,36.319827],[43.1355205,36.3198182],[43.1355242,36.3198095],[43.135528,36.3198009],[43.1355316,36.3197925],[43.1355352,36.3197842],[43.1355388,36.319776],[43.1355422,36.319768],[43.1355456,36.3197602],[43.1355489,36.3197526],[43.1355522,36.3197452],[43.1355553,36.319738],[43.1355583,36.3197311],[43.1355612,36.3197244],[43.135564,36.3197179],[43.1355666,36.3197118],[43.1355692,36.319706],[43.1355716,36.3197004],[43.1355738,36.3196952],[43.135576,36.3196903],[43.1355779,36.3196858],[43.1355797,36.3196816],[43.1355814,36.3196779],[43.1355828,36.3196745],[43.1355841,36.3196715],[43.1355853,36.3196689],[43.1355862,36.3196668],[43.1355869,36.3196651],[43.1355874,36.3196639],[43.1355878,36.3196631],[43.1355879,36.3196629],[43.1355882,36.3196626],[43.1355891,36.3196616],[43.1355905,36.3196599],[43.1355926,36.3196577],[43.1355951,36.3196548],[43.1355982,36.3196514],[43.1356018,36.3196474],[43.1356059,36.3196428],[43.1356105,36.3196378],[43.1356155,36.3196322],[43.135621,36.3196261],[43.1356269,36.3196196],[43.1356332,36.3196126],[43.1356399,36.3196052],[43.1356469,36.3195974],[43.1356543,36.3195891],[43.1356621,36.3195805],[43.1356702,36.3195716],[43.1356786,36.3195623],[43.1356872,36.3195527],[43.1356962,36.3195427],[43.1357054,36.3195325],[43.1357148,36.3195221],[43.1357244,36.3195114],[43.1357343,36.3195004],[43.1357443,36.3194893],[43.1357545,36.319478],[43.1357649,36.3194665],[43.1357754,36.3194548],[43.135786,36.3194431],[43.1357967,36.3194312],[43.1358075,36.3194192],[43.1358184,36.3194071],[43.1358293,36.319395],[43.1358403,36.3193828],[43.1358513,36.3193707],[43.1358622,36.3193585],[43.1358732,36.3193464],[43.1358841,36.3193342],[43.135895,36.3193222],[43.1359058,36.3193102],[43.1359165,36.3192983],[43.1359271,36.3192865],[43.1359376,36.3192749],[43.135948,36.3192634],[43.1359582,36.3192521],[43.1359682,36.3192409],[43.1359781,36.31923],[43.1359877,36.3192193],[43.1359972,36.3192088],[43.1360064,36.3191986],[43.1360153,36.3191887],[43.136024,36.3191791],[43.1360324,36.3191698],[43.1360404,36.3191608],[43.1360482,36.3191522],[43.1360556,36.319144],[43.1360627,36.3191362],[43.1360694,36.3191287],[43.1360756,36.3191218],[43.1360815,36.3191152],[43.136087,36.3191092],[43.136092,36.3191036],[43.1360966,36.3190985],[43.1361007,36.319094],[43.1361043,36.31909],[43.1361074,36.3190865],[43.13611,36.3190837],[43.136112,36.3190814],[43.1361135,36.3190798],[43.1361144,36.3190788],[43.1361147,36.3190785],[43.1361147,36.3190784],[43.136115,36.3190783],[43.1361153,36.319078],[43.1361158,36.3190777],[43.1361165,36.3190773],[43.1361173,36.3190768],[43.1361182,36.3190763],[43.1361192,36.3190756],[43.1361203,36.3190749],[43.1361216,36.3190741],[43.136123,36.3190733],[43.1361244,36.3190724],[43.136126,36.3190714],[43.1361277,36.3190703],[43.1361294,36.3190692],[43.1361313,36.3190681],[43.1361332,36.3190669],[43.1361352,36.3190656],[43.1361373,36.3190643],[43.1361395,36.3190629],[43.1361417,36.3190615],[43.136144,36.3190601],[43.1361464,36.3190586],[43.1361488,36.3190571],[43.1361513,36.3190556],[43.1361538,36.319054],[43.1361563,36.3190524],[43.1361589,36.3190508],[43.1361616,36.3190492],[43.1361642,36.3190475],[43.1361669,36.3190458],[43.1361696,36.3190441],[43.1361723,36.3190424],[43.136175,36.3190407],[43.1361778,36.319039],[43.1361805,36.3190373],[43.1361833,36.3190356],[43.136186,36.3190339],[43.1361887,36.3190322],[43.1361915,36.3190305],[43.1361942,36.3190288],[43.1361968,36.3190271],[43.1361995,36.3190255],[43.1362021,36.3190238],[43.1362047,36.3190222],[43.1362073,36.3190206],[43.1362098,36.319019],[43.1362122,36.3190175],[43.1362146,36.319016],[43.136217,36.3190145],[43.1362193,36.3190131],[43.1362215,36.3190117],[43.1362237,36.3190103],[43.1362258,36.319009],[43.1362278,36.3190077],[43.1362298,36.3190065],[43.1362316,36.3190054],[43.1362334,36.3190043],[43.136235,36.3190032],[43.1362366,36.3190022],[43.1362381,36.3190013],[43.1362395,36.3190005],[43.1362407,36.3189997],[43.1362419,36.318999],[43.1362429,36.3189983],[43.1362438,36.3189978],[43.1362446,36.3189973],[43.1362452,36.3189969],[43.1362457,36.3189966],[43.1362461,36.3189963],[43.1362463,36.3189962],[43.1362464,36.3189961],[43.1362475,36.3189942],[43.1362509,36.3189885],[43.1362566,36.3189792],[43.1362643,36.3189663],[43.1362741,36.3189499],[43.1362859,36.3189302],[43.1362997,36.3189073],[43.1363153,36.3188813],[43.1363328,36.3188522],[43.136352,36.3188202],[43.1363728,36.3187855],[43.1363953,36.318748],[43.1364194,36.318708],[43.1364449,36.3186655],[43.1364718,36.3186206],[43.1365001,36.3185734],[43.1365297,36.3185241],[43.1365606,36.3184728],[43.1365925,36.3184195],[43.1366256,36.3183643],[43.1366598,36.3183075],[43.1366949,36.318249],[43.1367308,36.3181891],[43.1367677,36.3181277],[43.1368053,36.318065],[43.1368436,36.3180012],[43.1368826,36.3179363],[43.1369221,36.3178704],[43.1369622,36.3178036],[43.1370027,36.3177361],[43.1370437,36.317668],[43.1370849,36.3175993],[43.1371264,36.3175302],[43.1371681,36.3174607],[43.1372099,36.3173911],[43.1372518,36.3173213],[43.1372936,36.3172515],[43.1373355,36.3171819],[43.1373771,36.3171124],[43.1374186,36.3170433],[43.1374599,36.3169746],[43.1375008,36.3169065],[43.1375413,36.3168389],[43.1375814,36.3167722],[43.1376209,36.3167063],[43.1376599,36.3166414],[43.1376982,36.3165775],[43.1377358,36.3165149],[43.1377727,36.3164535],[43.1378087,36.3163935],[43.1378438,36.3163351],[43.1378779,36.3162782],[43.137911,36.3162231],[43.137943,36.3161698],[43.1379738,36.3161185],[43.1380034,36.3160692],[43.1380317,36.316022],[43.1380586,36.3159771],[43.1380842,36.3159346],[43.1381082,36.3158946],[43.1381307,36.3158571],[43.1381516,36.3158223],[43.1381708,36.3157904],[43.1381882,36.3157613],[43.1382038,36.3157353],[43.1382176,36.3157123],[43.1382294,36.3156927],[43.1382392,36.3156763],[43.138247,36.3156634],[43.1382526,36.315654],[43.138256,36.3156484],[43.1382572,36.3156464]]},"properties":{"id":1,"Name":null,"kind":"street","source_record":"2003_Main_Roads.geojson:57:0","component":1,"connectivity":2,"mean_depth":4,"integration_1_md":0.25,"component_size":112}},{"type":"Feature","geometry":{"type":"LineString","coordinates":[[43.1362519,36.3189902],[43.1362552,36.3189928],[43.1362587,36.3189953],[43.1362622,36.3189978],[43.1362658,36.3190003],[43.1362696,36.3190027],[43.1362734,36.3190051],[43.1362772,36.3190075],[43.1362812,36.3190098],[43.1362852,36.3190121],[43.1362894,36.3190144],[43.1362935,36.3190167],[43.1362978,36.3190189],[43.1363021,36.3190211],[43.1363065,36.3190232],[43.1363109,36.3190254],[43.1363154,36.3190275],[43.13632,36.3190295],[43.1363246,36.3190316],[43.1363292,36.3190336],[43.1363339,36.3190356],[43.1363386,36.3190375],[43.1363434,36.3190394],[43.1363482,36.3190413],[43.136353,36.3190432],[43.1363579,36.319045],[43.1363628,36.3190468],[43.1363677,36.3190485],[43.1363726,36.3190503],[43.1363775,36.319052],[43.1363825,36.3190537],[43.1363874,36.3190553],[43.1363924,36.3190569],[43.1363974,36.3190585],[43.1364023,36.3190601],[43.1364073,36.3190616],[43.1364123,36.3190631],[43.1364172,36.3190646],[43.1364222,36.319066],[43.1364271,36.3190674],[43.136432,36.3190688],[43.1364369,36.3190702],[43.1364418,36.3190715],[43.1364466,36.3190728],[43.1364514,36.3190741],[43.1364562,36.3190753],[43.1364609,36.3190765],[43.1364656,36.3190777],[43.1364703,36.3190788],[43.1364749,36.31908],[43.1364794,36.3190811],[43.1364839,36.3190821],[43.1364884,36.3190832],[43.1364928,36.3190842],[43.1364971,36.3190852],[43.1365014,36.3190861],[43.1365056,36.319087],[43.1365097,36.3190879],[43.1365138,36.3190888],[43.1365177,36.3190897],[43.1365216,36.3190905],[43.1365255,36.3190913],[43.1365292,36.319092],[43.1365328,36.3190928],[43.1365364,36.3190935],[43.1365399,36.3190941],[43.1365432,36.3190948],[43.1365465,36.3190954],[43.1365496,36.319096],[43.1365527,36.3190966],[43.1365556,36.3190971],[43.1365584,36.3190976],[43.1365611,36.3190981],[43.1365637,36.3190986],[43.1365662,36.319099],[43.1365685,36.3190994],[43.1365707,36.3190998],[43.1365728,36.3191002],[43.1365748,36.3191005],[43.1365766,36.3191008],[43.1365782,36.3191011],[43.1365798,36.3191013],[43.1365811,36.3191015],[43.1365824,36.3191017],[43.1365834,36.3191019],[43.1365844,36.319102],[43.1365851,36.3191022],[43.1365857,36.3191023],[43.1365861,36.3191023],[43.1365864,36.3191024],[43.1365865,36.3191024],[43.1365871,36.3191025],[43.1365889,36.3191028],[43.1365919,36.3191034],[43.136596,36.3191041],[43.1366013,36.3191051],[43.1366076,36.3191062],[43.136615,36.3191076],[43.1366235,36.3191091],[43.1366329,36.3191109],[43.1366434,36.3191128],[43.1366548,36.3191149],[43.1366671,36.3191171],[43.1366803,36.3191196],[43.1366944,36.3191221],[43.1367094,36.3191249],[43.1367252,36.3191278],[43.1367417,36.3191308],[43.136759,36.319134],[43.1367771,36.3191373],[43.1367959,36.3191407],[43.1368153,36.3191443],[43.1368354,36.319148],[43.1368562,36.3191518],[43.1368775,36.3191557],[43.1368994,36.3191597],[43.1369219,36.3191638],[43.1369449,36.319168],[43.1369684,36.3191723],[43.1369923,36.3191767],[43.1370167,36.3191812],[43.1370414,36.3191857],[43.1370666,36.3191903],[43.1370921,36.319195],[43.137118,36.3191997],[43.1371441,36.3192045],[43.1371705,36.3192093],[43.1371972,36.3192142],[43.1372241,36.3192192],[43.1372512,36.3192241],[43.1372784,36.3192291],[43.1373058,36.3192341],[43.1373333,36.3192392],[43.1373608,36.3192442],[43.1373885,36.3192493],[43.1374161,36.3192543],[43.1374438,36.3192594],[43.1374714,36.3192645],[43.137499,36.3192695],[43.1375265,36.3192745],[43.1375538,36.3192795],[43.1375811,36.3192845],[43.1376081,36.3192895],[43.137635,36.3192944],[43.1376617,36.3192993],[43.1376881,36.3193041],[43.1377143,36.3193089],[43.1377401,36.3193137],[43.1377656,36.3193183],[43.1377908,36.319323],[43.1378156,36.3193275],[43.13784,36.319332],[43.1378639,36.3193363],[43.1378874,36.3193406],[43.1379103,36.3193448],[43.1379328,36.319349],[43.1379547,36.319353],[43.1379761,36.3193569],[43.1379968,36.3193607],[43.1380169,36.3193644],[43.1380364,36.3193679],[43.1380551,36.3193714],[43.1380732,36.3193747],[43.1380905,36.3193779],[43.1381071,36.3193809],[43.1381229,36.3193838],[43.1381378,36.3193865],[43.1381519,36.3193891],[43.1381651,36.3193915],[43.1381775,36.3193938],[43.1381889,36.3193959],[43.1381993,36.3193978],[43.1382088,36.3193995],[43.1382172,36.3194011],[43.1382246,36.3194024],[43.138231,36.3194036],[43.1382362,36.3194045],[43.1382404,36.3194053],[43.1382434,36.3194058],[43.1382452,36.3194062],[43.1382458,36.3194063],[43.1382462,36.3194064],[43.1382474,36.3194065],[43.1382494,36.3194069],[43.1382522,36.3194073],[43.1382557,36.3194079],[43.13826,36.3194085],[43.138265,36.3194093],[43.1382707,36.3194102],[43.1382771,36.3194112],[43.1382842,36.3194123],[43.1382919,36.3194136],[43.1383002,36.3194149],[43.1383092,36.3194163],[43.1383187,36.3194178],[43.1383288,36.3194194],[43.1383395,36.3194211],[43.1383508,36.3194229],[43.1383626,36.3194248],[43.1383748,36.3194268],[43.1383876,36.3194288],[43.1384008,36.3194309],[43.1384145,36.3194331],[43.1384287,36.3194354],[43.1384433,36.3194377],[43.1384582,36.3194401],[43.1384736,36.3194426],[43.1384893,36.3194452],[43.1385054,36.3194478],[43.1385218,36.3194504],[43.1385385,36.3194531],[43.1385555,36.3194559],[43.1385728,36.3194587],[43.1385904,36.3194616],[43.1386082,36.3194645],[43.1386263,36.3194675],[43.1386445,36.3194705],[43.138663,36.3194735],[43.1386816,36.3194766],[43.1387004,36.3194797],[43.1387193,36.3194829],[43.1387383,36.319486],[43.1387575,36.3194892],[43.1387767,36.3194924],[43.138796,36.3194957],[43.1388154,36.3194989],[43.1388348,36.3195022],[43.1388542,36.3195055],[43.1388736,36.3195088],[43.138893,36.3195121],[43.1389124,36.3195154],[43.1389317,36.3195187],[43.1389509,36.319522],[43.13897,36.3195253],[43.1389891,36.3195286],[43.139008,36.3195319],[43.1390268,36.3195352],[43.1390454,36.3195385],[43.1390638,36.3195418],[43.1390821,36.319545],[43.1391001,36.3195482],[43.1391179,36.3195514],[43.1391355,36.3195546],[43.1391528,36.3195578],[43.1391698,36.3195609],[43.1391865,36.319564],[43.1392029,36.319567],[43.139219,36.31957],[43.1392347,36.319573],[43.1392501,36.319576],[43.139265,36.3195788],[43.1392796,36.3195817],[43.1392937,36.3195845],[43.1393074,36.3195872],[43.1393206,36.3195899],[43.1393334,36.3195925],[43.1393457,36.3195951],[43.1393574,36.3195976],[43.1393686,36.3196],[43.1393793,36.3196024],[43.1393894,36.3196047],[43.139399,36.3196069],[43.1394079,36.3196091],[43.1394162,36.3196112],[43.1394239,36.3196132],[43.139431,36.3196151],[43.1394374,36.3196169],[43.139443,36.3196186],[43.139448,36.3196203],[43.1394523,36.3196218],[43.1394558,36.3196233],[43.1394589,36.3196247],[43.1394621,36.3196261],[43.1394651,36.3196274],[43.1394682,36.3196288],[43.1394712,36.3196301],[43.1394742,36.3196314],[43.1394772,36.3196327],[43.1394802,36.319634],[43.1394831,36.3196352],[43.139486,36.3196365],[43.1394889,36.3196377],[43.1394918,36.3196389],[43.1394946,36.3196401],[43.1394974,36.3196413],[43.1395002,36.3196425],[43.1395029,36.3196436],[43.1395056,36.3196448],[43.1395083,36.319646],[43.139511,36.3196471],[43.1395136,36.3196482],[43.1395163,36.3196494],[43.1395189,36.3196505],[43.1395214,36.3196516],[43.139524,36.3196527],[43.1395265,36.3196539],[43.1395289,36.319655],[43.1395314,36.3196561],[43.1395338,36.3196572],[43.1395362,36.3196583],[43.1395386,36.3196594],[43.1395409,36.3196605],[43.1395433,36.3196616],[43.1395456,36.3196627],[43.1395478,36.3196639],[43.13955,36.319665],[43.1395523,36.3196661],[43.1395544,36.3196673],[43.1395566,36.3196684],[43.1395587,36.3196695],[43.1395608,36.3196707],[43.1395629,36.3196719],[43.1395649,36.319673],[43.1395669,36.3196742],[43.1395689,36.3196754],[43.1395708,36.3196766],[43.1395727,36.3196779],[43.1395746,36.3196791],[43.1395765,36.3196804],[43.1395783,36.3196816],[43.1395801,36.3196829],[43.1395819,36.3196842],[43.1395836,36.3196855],[43.1395854,36.3196869],[43.139587,36.3196882],[43.1395887,36.3196896],[43.1395903,36.319691],[43.1395919,36.3196924],[43.1395935,36.3196939],[43.139595,36.3196953],[43.1395965,36.3196968],[43.139598,36.3196983],[43.1395994,36.3196999],[43.1396009,36.3197014],[43.1396022,36.319703],[43.1396036,36.3197046],[43.1396049,36.3197063],[43.1396062,36.319708],[43.1396075,36.3197097],[43.1396087,36.3197114],[43.1396099,36.3197132],[43.139611,36.319715],[43.1396122,36.3197168],[43.1396133,36.3197186],[43.1396144,36.3197205],[43.1396154,36.3197225],[43.1396164,36.3197245],[43.1396174,36.3197265],[43.1396183,36.3197285],[43.1396192,36.3197306],[43.1396201,36.3197327],[43.139621,36.3197349],[43.1396218,36.3197371],[43.1396226,36.3197393],[43.1396233,36.3197416],[43.139624,36.3197439],[43.1396247,36.3197463],[43.1396254,36.3197487],[43.139626,36.3197512],[43.1396266,36.3197537],[43.1396271,36.3197562]]},"properties":{"id":1,"Name":null,"kind":"street","source_record":"2003_Main_Roads.geojson:58:0","component":1,"connectivity":2,"mean_depth":4.873873873873874,"integration_1_md":0.20517560073937152,"component_size":112}},{"type":"Feature","geometry":{"type":"LineString","coordinates":[[43.1364581,36.3451084],[43.1364597,36.3451084],[43.1364612,36.3451083],[43.1364628,36.3451083],[43.1364644,36.3451082],[43.136466,36.345108],[43.1364675,36.3451079],[43.1364691,36.3451077],[43.1364707,36.3451075],[43.1364722,36.3451073],[43.1364738,36.345107],[43.1364753,36.3451067],[43.1364769,36.3451064],[43.1364784,36.3451061],[43.1364799,36.3451057],[43.1364815,36.3451053],[43.136483,36.3451049],[43.1364845,36.3451044],[43.136486,36.345104],[43.1364875,36.3451035],[43.136489,36.3451029],[43.1364905,36.3451024],[43.1364919,36.3451018],[43.1364934,36.3451012],[43.1364948,36.3451006],[43.1364963,36.3450999],[43.1364977,36.3450992],[43.1364991,36.3450985],[43.1365005,36.3450978],[43.1365019,36.3450971],[43.1365032,36.3450963],[43.1365046,36.3450955],[43.136506,36.3450947],[43.1365073,36.3450938],[43.1365086,36.3450929],[43.1365099,36.345092],[43.1365112,36.3450911],[43.1365124,36.3450902],[43.1365137,36.3450892],[43.1365149,36.3450882],[43.1365161,36.3450872],[43.1365173,36.3450862],[43.1365185,36.3450852],[43.1365197,36.3450841],[43.1365208,36.345083],[43.136522,36.3450819],[43.1365231,36.3450808],[43.1365241,36.3450797],[43.1365252,36.3450785],[43.1365263,36.3450773],[43.1365273,36.3450761],[43.1365283,36.3450749],[43.1365293,36.3450737],[43.1365302,36.3450724],[43.1365312,36.3450711],[43.1365321,36.3450699],[43.136533,36.3450686],[43.1365338,36.3450672],[43.1365347,36.3450659],[43.1365355,36.3450646],[43.1365363,36.3450632],[43.1365371,36.3450618],[43.1365378,36.3450605],[43.1365386,36.3450591],[43.1365393,36.3450576],[43.13654,36.3450562],[43.1365406,36.3450548],[43.1365412,36.3450533],[43.1365418,36.3450519],[43.1365424,36.3450504],[43.136543,36.3450489],[43.1365435,36.3450475],[43.136544,36.345046],[43.1365445,36.3450445],[43.1365449,36.3450429],[43.1365453,36.3450414],[43.1365457,36.3450399],[43.1365461,36.3450384],[43.1365464,36.3450368],[43.1365468,36.3450353],[43.136547,36.3450337],[43.1365473,36.3450322],[43.1365475,36.3450306],[43.1365477,36.3450291],[43.1365479,36.3450275],[43.1365481,36.3450259],[43.1365482,36.3450243],[43.1365483,36.3450228],[43.1365484,36.3450212],[43.1365484,36.3450196],[43.1365484,36.345018],[43.1365484,36.3450165],[43.1365484,36.3450149],[43.1365483,36.3450133],[43.1365482,36.3450117],[43.1365481,36.3450102],[43.1365479,36.3450086],[43.1365477,36.345007],[43.1365475,36.3450055],[43.1365473,36.3450039],[43.136547,36.3450024],[43.1365468,36.3450008],[43.1365464,36.3449993],[43.1365461,36.3449977],[43.1365457,36.3449962],[43.1365453,36.3449947],[43.1365449,36.3449931],[43.1365445,36.3449916],[43.136544,36.3449901],[43.1365435,36.3449886],[43.136543,36.3449871],[43.1365424,36.3449857],[43.1365418,36.3449842],[43.1365412,36.3449827],[43.1365406,36.3449813],[43.13654,36.3449799],[43.1365393,36.3449784],[43.1365386,36.344977],[43.1365378,36.3449756],[43.1365371,36.3449742],[43.1365363,36.3449729],[43.1365355,36.3449715],[43.1365347,36.3449702],[43.1365338,36.3449688],[43.136533,36.3449675],[43.1365321,36.3449662],[43.1365312,36.3449649],[43.1365302,36.3449637],[43.1365293,36.3449624],[43.1365283,36.3449612],[43.1365273,36.34496],[43.1365263,36.3449588],[43.1365252,36.3449576],[43.1365241,36.3449564],[43.1365231,36.3449553],[43.136522,36.3449542],[43.1365208,36.3449531],[43.1365197,36.344952],[43.1365185,36.3449509],[43.1365173,36.3449499],[43.1365161,36.3449488],[43.1365149,36.3449478],[43.1365137,36.3449469],[43.1365124,36.3449459],[43.1365112,36.344945],[43.1365099,36.344944],[43.1365086,36.3449431],[43.1365073,36.3449423],[43.136506,36.3449414],[43.1365046,36.3449406],[43.1365032,36.3449398],[43.1365019,36.344939],[43.1365005,36.3449383],[43.1364991,36.3449376],[43.1364977,36.3449368],[43.1364963,36.3449362],[43.1364948,36.3449355],[43.1364934,36.3449349],[43.1364919,36.3449343],[43.1364905,36.3449337],[43.136489,36.3449332],[43.1364875,36.3449326],[43.136486,36.3449321],[43.1364845,36.3449317],[43.136483,36.3449312],[43.1364815,36.3449308],[43.1364799,36.3449304],[43.1364784,36.34493],[43.1364769,36.3449297],[43.1364753,36.3449294],[43.1364738,36.3449291],[43.1364722,36.3449288],[43.1364707,36.3449286],[43.1364691,36.3449284],[43.1364675,36.3449282],[43.136466,36.344928],[43.1364644,36.3449279],[43.1364628,36.3449278],[43.1364612,36.3449278],[43.1364597,36.3449277],[43.1364581,36.3449277],[43.1364565,36.3449277],[43.1364549,36.3449278],[43.1364534,36.3449278],[43.1364518,36.3449279],[43.1364502,36.344928],[43.1364486,36.3449282],[43.1364471,36.3449284],[43.1364455,36.3449286],[43.1364439,36.3449288],[43.1364424,36.3449291],[43.1364408,36.3449294],[43.1364393,36.3449297],[43.1364378,36.34493],[43.1364362,36.3449304],[43.1364347,36.3449308],[43.1364332,36.3449312],[43.1364317,36.3449317],[43.1364302,36.3449321],[43.1364287,36.3449326],[43.1364272,36.3449332],[43.1364257,36.3449337],[43.1364242,36.3449343],[43.1364228,36.3449349],[43.1364213,36.3449355],[43.1364199,36.3449362],[43.1364185,36.3449368],[43.1364171,36.3449376],[43.1364157,36.3449383],[43.1364143,36.344939],[43.1364129,36.3449398],[43.1364116,36.3449406],[43.1364102,36.3449414],[43.1364089,36.3449423],[43.1364076,36.3449431],[43.1364063,36.344944],[43.136405,36.344945],[43.1364037,36.3449459],[43.1364025,36.3449469],[43.1364012,36.3449478],[43.1364,36.3449488],[43.1363988,36.3449499],[43.1363976,36.3449509],[43.1363965,36.344952],[43.1363953,36.3449531],[43.1363942,36.3449542],[43.1363931,36.3449553],[43.136392,36.3449564],[43.1363909,36.3449576],[43.1363899,36.3449588],[43.1363889,36.34496],[43.1363879,36.3449612],[43.1363869,36.3449624],[43.1363859,36.3449637],[43.136385,36.3449649],[43.1363841,36.3449662],[43.1363832,36.3449675],[43.1363823,36.3449688],[43.1363815,36.3449702],[43.1363806,36.3449715],[43.1363798,36.3449729],[43.1363791,36.3449742],[43.1363783,36.3449756],[43.1363776,36.344977],[43.1363769,36.3449784],[43.1363762,36.3449799],[43.1363756,36.3449813],[43.1363749,36.3449827],[43.1363743,36.3449842],[43.1363737,36.3449857],[43.1363732,36.3449871],[43.1363727,36.3449886],[43.1363722,36.3449901],[43.1363717,36.3449916],[43.1363712,36.3449931],[43.1363708,36.3449947],[43.1363704,36.3449962],[43.1363701,36.3449977],[43.1363697,36.3449993],[43.1363694,36.3450008],[43.1363691,36.3450024],[43.1363689,36.3450039],[43.1363686,36.3450055],[43.1363684,36.345007],[43.1363682,36.3450086],[43.1363681,36.3450102],[43.136368,36.3450117],[43.1363679,36.3450133],[43.1363678,36.3450149],[43.1363678,36.3450165],[43.1363677,36.345018],[43.1363678,36.3450196],[43.1363678,36.3450212],[43.1363679,36.3450228],[43.136368,36.3450243],[43.1363681,36.3450259],[43.1363682,36.3450275],[43.1363684,36.3450291],[43.1363686,36.3450306],[43.1363689,36.3450322],[43.1363691,36.3450337],[43.1363694,36.3450353],[43.1363697,36.3450368],[43.1363701,36.3450384],[43.1363704,36.3450399],[43.1363708,36.3450414],[43.1363712,36.3450429],[43.1363717,36.3450445],[43.1363722,36.345046],[43.1363727,36.3450475],[43.1363732,36.3450489],[43.1363737,36.3450504],[43.1363743,36.3450519],[43.1363749,36.3450533],[43.1363756,36.3450548],[43.1363762,36.3450562],[43.1363769,36.3450576],[43.1363776,36.3450591],[43.1363783,36.3450605],[43.1363791,36.3450618],[43.1363798,36.3450632],[43.1363806,36.3450646],[43.1363815,36.3450659],[43.1363823,36.3450672],[43.1363832,36.3450686],[43.1363841,36.3450699],[43.136385,36.3450711],[43.1363859,36.3450724],[43.1363869,36.3450737],[43.1363879,36.3450749],[43.1363889,36.3450761],[43.1363899,36.3450773],[43.1363909,36.3450785],[43.136392,36.3450797],[43.1363931,36.3450808],[43.1363942,36.3450819],[43.1363953,36.345083],[43.1363965,36.3450841],[43.1363976,36.3450852],[43.1363988,36.3450862],[43.1364,36.3450872],[43.1364012,36.3450882],[43.1364025,36.3450892],[43.1364037,36.3450902],[43.136405,36.3450911],[43.1364063,36.345092],[43.1364076,36.3450929],[43.1364089,36.3450938],[43.1364102,36.3450947],[43.1364116,36.3450955],[43.1364129,36.3450963],[43.1364143,36.3450971],[43.1364157,36.3450978],[43.1364171,36.3450985],[43.1364185,36.3450992],[43.1364199,36.3450999],[43.1364213,36.3451006],[43.1364228,36.3451012],[43.1364242,36.3451018],[43.1364257,36.3451024],[43.1364272,36.3451029],[43.1364287,36.3451035],[43.1364302,36.345104],[43.1364317,36.3451044],[43.1364332,36.3451049],[43.1364347,36.3451053],[43.1364362,36.3451057],[43.1364378,36.3451061],[43.1364393,36.3451064],[43.1364408,36.3451067],[43.1364424,36.345107],[43.1364439,36.3451073],[43.1364455,36.3451075],[43.1364471,36.3451077],[43.1364486,36.3451079],[43.1364502,36.345108],[43.1364518,36.3451082],[43.1364534,36.3451083],[43.1364549,36.3451083],[43.1364565,36.3451084],[43.1364581,36.3451084]]},"properties":{"id":1,"Name":null,"kind":"street","source_record":"2003_Main_Roads.geojson:59:0","component":1,"connectivity":1,"mean_depth":3.90990990990991,"integration_1_md":0.2557603686635945,"component_size":112}},{"type":"Feature","geometry":{"type":"LineString","coordinates":[[43.1176112,36.3452258],[43.1180044,36.345681],[43.1189666,36.3466226],[43.1202186,36.3474503],[43.1210405,36.347951],[43.1219276,36.3485351],[43.1225766,36.349076],[43.1233338,36.349606],[43.1241776,36.3503308],[43.125726,36.3516792],[43.1266413,36.3524269]]},"properties":{"id":1,"Name":"سايدين الجسر الخامس","kind":"street","source_record":"2003_Main_Roads.geojson:60:0","component":1,"connectivity":4,"mean_depth":3.6576576576576576,"integration_1_md":0.2733990147783251,"component_size":112}},{"type":"Feature","geometry":{"type":"LineString","coordinates":[[43.1267138,36.3522856],[43.1253347,36.3511512],[43.1242893,36.3502392],[43.1233217,36.349394],[43.122189,36.3485192],[43.1205936,36.3474627],[43.1195188,36.3467879],[43.1188574,36.3462305],[43.118315,36.3457178],[43.1174854,36.3447651],[43.1170238,36.3441236],[43.1160509,36.3430539],[43.1156653,36.3427863]]},"properties":{"id":1,"Name":"سايدين الجسر الخامس","kind":"street","source_record":"2003_Main_Roads.geojson:61:0","component":1,"connectivity":8,"mean_depth":3.018018018018018,"integration_1_md":0.3313432835820896,"component_size":112}},{"type":"Feature","geometry":{"type":"LineString","coordinates":[[43.1392937,36.3395185],[43.1395527,36.3394093],[43.139768,36.33935],[43.1399396,36.339375],[43.1400737,36.3394967],[43.1401798,36.3397775],[43.1402329,36.3399678],[43.140211,36.3402049]]},"properties":{"id":1,"Name":null,"kind":"street","source_record":"2003_Main_Roads.geojson:62:0","component":1,"connectivity":2,"mean_depth":3.990990990990991,"integration_1_md":0.2505643340857788,"component_size":112}},{"type":"Feature","geometry":{"type":"LineString","coordinates":[[43.1401022,36.3391924],[43.140063,36.3392513],[43.1399704,36.339271],[43.1399031,36.3392597],[43.1398386,36.3392121],[43.1398161,36.339156],[43.1398245,36.3391223]]},"properties":{"id":1,"Name":null,"kind":"street","source_record":"2003_Main_Roads.geojson:63:0","component":1,"connectivity":2,"mean_depth":3.990990990990991,"integration_1_md":0.2505643340857788,"component_size":112}},{"type":"Feature","geometry":{"type":"LineString","coordinates":[[43.1390102,36.3420157],[43.1390384,36.3419102],[43.139158,36.3416991],[43.1392495,36.3415443],[43.1392424,36.3414106],[43.1392143,36.341298],[43.139158,36.3412487],[43.1389047,36.341108],[43.1384966,36.3408899],[43.1381659,36.3406999],[43.138004,36.3406225],[43.1377507,36.3404677],[43.1371667,36.3402214],[43.1366671,36.3400244],[43.1359564,36.3398485],[43.1358368,36.3398274]]},"properties":{"id":1,"Name":null,"kind":"street","source_record":"2003_Main_Roads.geojson:64:0","component":1,"connectivity":3,"mean_depth":3.972972972972973,"integration_1_md":0.25170068027210885,"component_size":112}},{"type":"Feature","geometry":{"type":"LineString","coordinates":[[43.1404445,36.3385079],[43.1404164,36.3383339],[43.1403435,36.3382329]]},"properties":{"id":1,"Name":null,"kind":"street","source_record":"2003_Main_Roads.geojson:65:0","component":1,"connectivity":2,"mean_depth":3.864864864864865,"integration_1_md":0.25874125874125875,"component_size":112}},{"type":"Feature","geometry":{"type":"LineString","coordinates":[[43.1401675,36.3381188],[43.1402753,36.3380784],[43.1403359,36.3379436],[43.140464,36.3377684],[43.1406324,36.3377078],[43.1408413,36.3377347],[43.1409558,36.3378223],[43.140976,36.3379638],[43.1409356,36.3381323],[43.1408413,36.3383209]]},"properties":{"id":1,"Name":null,"kind":"street","source_record":"2003_Main_Roads.geojson:66:0","component":1,"connectivity":2,"mean_depth":4.117117117117117,"integration_1_md":0.24288840262582057,"component_size":112}},{"type":"Feature","geometry":{"type":"LineString","coordinates":[[43.1387208,36.3400314],[43.1390224,36.3401936],[43.1394668,36.3404012],[43.1399372,36.340612]]},"properties":{"id":1,"Name":null,"kind":"street","source_record":"2003_Main_Roads.geojson:67:0","component":1,"connectivity":2,"mean_depth":3.990990990990991,"integration_1_md":0.2505643340857788,"component_size":112}},{"type":"Feature","geometry":{"type":"LineString","coordinates":[[43.1319469,36.3403532],[43.1319494,36.3403532],[43.1319519,36.3403531],[43.1319544,36.340353],[43.1319569,36.3403528],[43.1319593,36.3403526],[43.1319618,36.3403524],[43.1319643,36.3403521],[43.1319668,36.3403518],[43.1319693,36.3403514],[43.1319717,36.340351],[43.1319742,36.3403505],[43.1319767,36.34035],[43.1319791,36.3403495],[43.1319815,36.3403489],[43.131984,36.3403483],[43.1319864,36.3403476],[43.1319888,36.3403469],[43.1319912,36.3403462],[43.1319935,36.3403454],[43.1319959,36.3403445],[43.1319982,36.3403437],[43.1320006,36.3403427],[43.1320029,36.3403418],[43.1320052,36.3403408],[43.1320074,36.3403397],[43.1320097,36.3403387],[43.1320119,36.3403376],[43.1320142,36.3403364],[43.1320163,36.3403352],[43.1320185,36.340334],[43.1320207,36.3403327],[43.1320228,36.3403314],[43.1320249,36.3403301],[43.132027,36.3403287],[43.1320291,36.3403273],[43.1320311,36.3403258],[43.1320331,36.3403243],[43.1320351,36.3403228],[43.1320371,36.3403212],[43.132039,36.3403196],[43.1320409,36.340318],[43.1320428,36.3403164],[43.1320446,36.3403147],[43.1320464,36.3403129],[43.1320482,36.3403112],[43.13205,36.3403094],[43.1320517,36.3403076],[43.1320534,36.3403058],[43.132055,36.3403039],[43.1320567,36.340302],[43.1320583,36.3403],[43.1320598,36.3402981],[43.1320613,36.3402961],[43.1320628,36.3402941],[43.1320643,36.3402921],[43.1320657,36.34029],[43.1320671,36.3402879],[43.1320684,36.3402858],[43.1320697,36.3402837],[43.132071,36.3402815],[43.1320722,36.3402793],[43.1320734,36.3402771],[43.1320746,36.3402749],[43.1320757,36.3402727],[43.1320768,36.3402704],[43.1320778,36.3402681],[43.1320788,36.3402658],[43.1320798,36.3402635],[43.1320807,36.3402612],[43.1320816,36.3402589],[43.1320824,36.3402565],[43.1320832,36.3402541],[43.1320839,36.3402517],[43.1320846,36.3402493],[43.1320853,36.3402469],[43.1320859,36.3402445],[43.1320865,36.3402421],[43.1320871,36.3402396],[43.1320876,36.3402372],[43.132088,36.3402347],[43.1320884,36.3402323],[43.1320888,36.3402298],[43.1320891,36.3402273],[43.1320894,36.3402248],[43.1320897,36.3402223],[43.1320898,36.3402198],[43.13209,36.3402173],[43.1320901,36.3402148],[43.1320902,36.3402123],[43.1320902,36.3402098],[43.1320902,36.3402073],[43.1320901,36.3402048],[43.13209,36.3402023],[43.1320898,36.3401998],[43.1320897,36.3401973],[43.1320894,36.3401949],[43.1320891,36.3401924],[43.1320888,36.3401899],[43.1320884,36.3401874],[43.132088,36.3401849],[43.1320876,36.3401825],[43.1320871,36.34018],[43.1320865,36.3401776],[43.1320859,36.3401752],[43.1320853,36.3401727],[43.1320846,36.3401703],[43.1320839,36.3401679],[43.1320832,36.3401655],[43.1320824,36.3401632],[43.1320816,36.3401608],[43.1320807,36.3401585],[43.1320798,36.3401561],[43.1320788,36.3401538],[43.1320778,36.3401515],[43.1320768,36.3401493],[43.1320757,36.340147],[43.1320746,36.3401448],[43.1320734,36.3401425],[43.1320722,36.3401403],[43.132071,36.3401382],[43.1320697,36.340136],[43.1320684,36.3401339],[43.1320671,36.3401318],[43.1320657,36.3401297],[43.1320643,36.3401276],[43.1320628,36.3401256],[43.1320613,36.3401236],[43.1320598,36.3401216],[43.1320583,36.3401196],[43.1320567,36.3401177],[43.132055,36.3401158],[43.1320534,36.3401139],[43.1320517,36.3401121],[43.13205,36.3401103],[43.1320482,36.3401085],[43.1320464,36.3401067],[43.1320446,36.340105],[43.1320428,36.3401033],[43.1320409,36.3401017],[43.132039,36.3401],[43.1320371,36.3400984],[43.1320351,36.3400969],[43.1320331,36.3400954],[43.1320311,36.3400939],[43.1320291,36.3400924],[43.132027,36.340091],[43.1320249,36.3400896],[43.1320228,36.3400883],[43.1320207,36.340087],[43.1320185,36.3400857],[43.1320163,36.3400845],[43.1320142,36.3400833],[43.1320119,36.3400821],[43.1320097,36.340081],[43.1320074,36.3400799],[43.1320052,36.3400789],[43.1320029,36.3400779],[43.1320006,36.3400769],[43.1319982,36.340076],[43.1319959,36.3400751],[43.1319935,36.3400743],[43.1319912,36.3400735],[43.1319888,36.3400728],[43.1319864,36.3400721],[43.131984,36.3400714],[43.1319815,36.3400708],[43.1319791,36.3400702],[43.1319767,36.3400696],[43.1319742,36.3400691],[43.1319717,36.3400687],[43.1319693,36.3400683],[43.1319668,36.3400679],[43.1319643,36.3400676],[43.1319618,36.3400673],[43.1319593,36.340067],[43.1319569,36.3400668],[43.1319544,36.3400667],[43.1319519,36.3400666],[43.1319494,36.3400665],[43.1319469,36.3400665],[43.1319444,36.3400665],[43.1319419,36.3400666],[43.1319394,36.3400667],[43.1319369,36.3400668],[43.1319344,36.340067],[43.1319319,36.3400673],[43.1319294,36.3400676],[43.1319269,36.3400679],[43.1319244,36.3400683],[43.131922,36.3400687],[43.1319195,36.3400691],[43.1319171,36.3400696],[43.1319146,36.3400702],[43.1319122,36.3400708],[43.1319098,36.3400714],[43.1319073,36.3400721],[43.1319049,36.3400728],[43.1319026,36.3400735],[43.1319002,36.3400743],[43.1318978,36.3400751],[43.1318955,36.340076],[43.1318932,36.3400769],[43.1318908,36.3400779],[43.1318886,36.3400789],[43.1318863,36.3400799],[43.131884,36.340081],[43.1318818,36.3400821],[43.1318796,36.3400833],[43.1318774,36.3400845],[43.1318752,36.3400857],[43.131873,36.340087],[43.1318709,36.3400883],[43.1318688,36.3400896],[43.1318667,36.340091],[43.1318646,36.3400924],[43.1318626,36.3400939],[43.1318606,36.3400954],[43.1318586,36.3400969],[43.1318567,36.3400984],[43.1318547,36.3401],[43.1318528,36.3401017],[43.1318509,36.3401033],[43.1318491,36.340105],[43.1318473,36.3401067],[43.1318455,36.3401085],[43.1318437,36.3401103],[43.131842,36.3401121],[43.1318403,36.3401139],[43.1318387,36.3401158],[43.1318371,36.3401177],[43.1318355,36.3401196],[43.1318339,36.3401216],[43.1318324,36.3401236],[43.1318309,36.3401256],[43.1318294,36.3401276],[43.131828,36.3401297],[43.1318266,36.3401318],[43.1318253,36.3401339],[43.131824,36.340136],[43.1318227,36.3401382],[43.1318215,36.3401403],[43.1318203,36.3401425],[43.1318191,36.3401448],[43.131818,36.340147],[43.1318169,36.3401493],[43.1318159,36.3401515],[43.1318149,36.3401538],[43.131814,36.3401561],[43.131813,36.3401585],[43.1318122,36.3401608],[43.1318113,36.3401632],[43.1318105,36.3401655],[43.1318098,36.3401679],[43.1318091,36.3401703],[43.1318084,36.3401727],[43.1318078,36.3401752],[43.1318072,36.3401776],[43.1318066,36.34018],[43.1318062,36.3401825],[43.1318057,36.3401849],[43.1318053,36.3401874],[43.1318049,36.3401899],[43.1318046,36.3401924],[43.1318043,36.3401949],[43.1318041,36.3401973],[43.1318039,36.3401998],[43.1318037,36.3402023],[43.1318036,36.3402048],[43.1318035,36.3402073],[43.1318035,36.3402098],[43.1318035,36.3402123],[43.1318036,36.3402148],[43.1318037,36.3402173],[43.1318039,36.3402198],[43.1318041,36.3402223],[43.1318043,36.3402248],[43.1318046,36.3402273],[43.1318049,36.3402298],[43.1318053,36.3402323],[43.1318057,36.3402347],[43.1318062,36.3402372],[43.1318066,36.3402396],[43.1318072,36.3402421],[43.1318078,36.3402445],[43.1318084,36.3402469],[43.1318091,36.3402493],[43.1318098,36.3402517],[43.1318105,36.3402541],[43.1318113,36.3402565],[43.1318122,36.3402589],[43.131813,36.3402612],[43.131814,36.3402635],[43.1318149,36.3402658],[43.1318159,36.3402681],[43.1318169,36.3402704],[43.131818,36.3402727],[43.1318191,36.3402749],[43.1318203,36.3402771],[43.1318215,36.3402793],[43.1318227,36.3402815],[43.131824,36.3402837],[43.1318253,36.3402858],[43.1318266,36.3402879],[43.131828,36.34029],[43.1318294,36.3402921],[43.1318309,36.3402941],[43.1318324,36.3402961],[43.1318339,36.3402981],[43.1318355,36.3403],[43.1318371,36.340302],[43.1318387,36.3403039],[43.1318403,36.3403058],[43.131842,36.3403076],[43.1318437,36.3403094],[43.1318455,36.3403112],[43.1318473,36.3403129],[43.1318491,36.3403147],[43.1318509,36.3403164],[43.1318528,36.340318],[43.1318547,36.3403196],[43.1318567,36.3403212],[43.1318586,36.3403228],[43.1318606,36.3403243],[43.1318626,36.3403258],[43.1318646,36.3403273],[43.1318667,36.3403287],[43.1318688,36.3403301],[43.1318709,36.3403314],[43.131873,36.3403327],[43.1318752,36.340334],[43.1318774,36.3403352],[43.1318796,36.3403364],[43.1318818,36.3403376],[43.131884,36.3403387],[43.1318863,36.3403397],[43.1318886,36.3403408],[43.1318908,36.3403418],[43.1318932,36.3403427],[43.1318955,36.3403437],[43.1318978,36.3403445],[43.1319002,36.3403454],[43.1319026,36.3403462],[43.1319049,36.3403469],[43.1319073,36.3403476],[43.1319098,36.3403483],[43.1319122,36.3403489],[43.1319146,36.3403495],[43.1319171,36.34035],[43.1319195,36.3403505],[43.131922,36.340351],[43.1319244,36.3403514],[43.1319269,36.3403518],[43.1319294,36.3403521],[43.1319319,36.3403524],[43.1319344,36.3403526],[43.1319369,36.3403528],[43.1319394,36.340353],[43.1319419,36.3403531],[43.1319444,36.3403532],[43.1319469,36.3403532]]},"properties":{"id":1,"Name":null,"kind":"street","source_record":"2003_Main_Roads.geojson:68:0","component":1,"connectivity":1,"mean_depth":4.423423423423423,"integration_1_md":0.22606924643584522,"component_size":112}},{"type":"Feature","geometry":{"type":"LineString","coordinates":[[43.1484306,36.3310184],[43.1454929,36.3301048],[43.1431373,36.3293435],[43.1424476,36.3291017],[43.1402941,36.3282887],[43.1364747,36.3278758]]},"properties":{"id":1,"Name":null,"kind":"street","source_record":"2003_Main_Roads.geojson:69:0","component":1,"connectivity":3,"mean_depth":4.4324324324324325,"integration_1_md":0.22560975609756098,"component_size":112}},{"type":"Feature","geometry":{"type":"LineString","coordinates":[[43.1485545,36.3308649],[43.146293,36.3301618],[43.1442849,36.3295226],[43.1410633,36.3283386],[43.1397737,36.3280114],[43.1373735,36.3277925],[43.1362242,36.3276518],[43.1353485,36.3275032],[43.1317714,36.3266542],[43.1314995,36.3266024],[43.1314242,36.3265994]]},"properties":{"id":1,"Name":null,"kind":"street","source_record":"2003_Main_Roads.geojson:71:0","component":1,"connectivity":6,"mean_depth":3.774774774774775,"integration_1_md":0.2649164677804296,"component_size":112}},{"type":"Feature","geometry":{"type":"LineString","coordinates":[[43.11897,36.3441752],[43.1192446,36.344325],[43.1196023,36.344483],[43.1198019,36.3445662],[43.1199932,36.3446577],[43.1200764,36.344666],[43.1202178,36.3446494],[43.1203343,36.3446494],[43.1205838,36.3447326],[43.1208168,36.3448074],[43.1207118,36.3449647],[43.1206515,36.3450934],[43.1206421,36.3451591],[43.1207665,36.3452078],[43.1210364,36.3452463],[43.1212016,36.3452298],[43.1214274,36.3452739],[43.1217853,36.3453179],[43.122292,36.3453399],[43.1226224,36.3453399],[43.1228812,36.3453565],[43.1233438,36.3453399],[43.1240818,36.3452849],[43.1244563,36.3452794]]},"properties":{"id":1,"Name":null,"kind":"street","source_record":"2003_Secondery_Roads.geojson:0:0","component":1,"connectivity":2,"mean_depth":5.756756756756757,"integration_1_md":0.1737089201877934,"component_size":112}},{"type":"Feature","geometry":{"type":"LineString","coordinates":[[43.1185701,36.3449689],[43.1188159,36.344412],[43.1189633,36.3441662],[43.1191926,36.3438058],[43.1195858,36.3432325],[43.1198315,36.3428885],[43.1199539,36.3426577],[43.1200752,36.3422451],[43.12014,36.3422047],[43.1208276,36.3421642],[43.1211512,36.342148],[43.1218146,36.3421561],[43.1225346,36.3421966],[43.1227853,36.3422128],[43.1227934,36.3424716],[43.1228177,36.3427548],[43.1227611,36.3429408],[43.1227044,36.3430217],[43.1225507,36.3431026],[43.122486,36.3431431],[43.122397,36.3433939],[43.1223242,36.3435557],[43.1222838,36.3436851],[43.1222757,36.3437903],[43.1221948,36.3438469],[43.1218388,36.3441948],[43.1219602,36.3442999],[43.1218146,36.344486],[43.1213292,36.3442029],[43.1208154,36.3448085]]},"properties":{"id":2,"Name":null,"kind":"street","source_record":"2003_Secondery_Roads.geojson:1:0","component":1,"connectivity":4,"mean_depth":4.774774774774775,"integration_1_md":0.20943396226415095,"component_size":112}},{"type":"Feature","geometry":{"type":"LineString","coordinates":[[43.1199996,36.3425142],[43.1200674,36.3427855],[43.1202239,36.3431506],[43.1203751,36.3435418],[43.1204482,36.3438287],[43.1204795,36.3441208],[43.1203339,36.3445015],[43.1202762,36.344641]]},"properties":{"id":3,"Name":null,"kind":"street","source_record":"2003_Secondery_Roads.geojson:2:0","component":1,"connectivity":2,"mean_depth":5.756756756756757,"integration_1_md":0.1737089201877934,"component_size":112}},{"type":"Feature","geometry":{"type":"LineString","coordinates":[[43.1239354,36.3393434],[43.1238912,36.3394993],[43.1239669,36.3396508],[43.1239543,36.3398842],[43.1240111,36.3401682],[43.1240805,36.3406667],[43.1244416,36.3408817],[43.1248155,36.3410561],[43.1252226,36.341322],[43.1253971,36.3414716],[43.1254386,36.341671],[43.1254054,36.3419701],[43.1253805,36.3422858],[43.1251146,36.3421612],[43.1246826,36.3419701],[43.1243585,36.3419036],[43.1236357,36.3419867],[43.1231289,36.3421944],[43.1228132,36.3422027],[43.1228381,36.3420033],[43.1228963,36.3416543],[43.122971,36.3414217],[43.1231206,36.3413802],[43.1233864,36.3410395],[43.1234197,36.3409149],[43.1233948,36.3405992],[43.1234114,36.3403582],[43.123536,36.339868],[43.1237769,36.3395772],[43.1238933,36.3394942]]},"properties":{"id":8,"Name":null,"kind":"street","source_record":"2003_Secondery_Roads.geojson:3:0","component":1,"connectivity":1,"mean_depth":5.441441441441442,"integration_1_md":0.1837748344370861,"component_size":112}},{"type":"Feature","geometry":{"type":"LineString","coordinates":[[43.125382,36.3422819],[43.1256035,36.3423963],[43.1260057,36.3425808]]},"properties":{"id":4,"Name":null,"kind":"street","source_record":"2003_Secondery_Roads.geojson:4:0","component":1,"connectivity":2,"mean_depth":4.45045045045045,"integration_1_md":0.22469635627530365,"component_size":112}},{"type":"Feature","geometry":{"type":"LineString","coordinates":[[43.1251507,36.3453741],[43.1252725,36.3450643],[43.1255159,36.3447433],[43.1257373,36.3444556],[43.1260361,36.3440018],[43.1262906,36.3437141],[43.126523,36.3434153],[43.1265784,36.3434153],[43.1267222,36.3434374],[43.1272313,36.343371],[43.1275301,36.3433046],[43.1278068,36.3432271],[43.1282052,36.3431718],[43.1283712,36.3431607],[43.1286368,36.3432603],[43.1287807,36.3434042],[43.1290795,36.3436588],[43.1294115,36.3439465],[43.1296107,36.3440572],[43.1298763,36.3441678],[43.1301308,36.34419],[43.1304518,36.3441789],[43.1307838,36.34419],[43.1310494,36.3441789],[43.131315,36.3442232]]},"properties":{"id":5,"Name":null,"kind":"street","source_record":"2003_Secondery_Roads.geojson:5:0","component":1,"connectivity":2,"mean_depth":4.306306306306307,"integration_1_md":0.2322175732217573,"component_size":112}},{"type":"Feature","geometry":{"type":"LineString","coordinates":[[43.1301365,36.3421577],[43.1301851,36.3423035],[43.1302823,36.3425284],[43.1302884,36.3426743],[43.130331,36.342808],[43.13041,36.3429418],[43.1305619,36.3431545],[43.1307747,36.3434098],[43.1308963,36.3436104],[43.1310543,36.343738],[43.1311515,36.343811],[43.1313217,36.3439082],[43.1315102,36.3440663]]},"properties":{"id":10,"Name":null,"kind":"street","source_record":"2003_Secondery_Roads.geojson:6:0","component":1,"connectivity":2,"mean_depth":3.720720720720721,"integration_1_md":0.2687651331719128,"component_size":112}},{"type":"Feature","geometry":{"type":"LineString","coordinates":[[43.1191489,36.3466739],[43.1198094,36.3470387],[43.1208348,36.3475908],[43.1214756,36.347995],[43.1220277,36.3482908],[43.1226291,36.348557],[43.1230531,36.3488133],[43.1235855,36.3491879],[43.1238418,36.349326],[43.1243841,36.3492767],[43.1247489,36.349257],[43.1253207,36.3492668],[43.1257545,36.3492964],[43.1260996,36.3492964],[43.1263658,36.3492372],[43.1266122,36.3491386],[43.1268784,36.349257],[43.1270559,36.349395],[43.1271545,36.3495823],[43.1271545,36.3495823]]},"properties":{"id":6,"Name":null,"kind":"street","source_record":"2003_Secondery_Roads.geojson:7:0","component":1,"connectivity":4,"mean_depth":3.6576576576576576,"integration_1_md":0.2733990147783251,"component_size":112}},{"type":"Feature","geometry":{"type":"LineString","coordinates":[[43.1239992,36.3392826],[43.1242131,36.3385152],[43.1244898,36.3377353],[43.1247792,36.3371189],[43.1251691,36.3363641],[43.1253075,36.336188],[43.1256094,36.3360622],[43.1261,36.3358106],[43.1262636,36.3356722],[43.126402,36.33571],[43.12649,36.3357729],[43.1266284,36.3358232],[43.1266913,36.335949],[43.1268297,36.3361377],[43.1270687,36.3362006],[43.1272951,36.3362257],[43.1275467,36.3367289],[43.1277857,36.3370812],[43.1278738,36.3372573],[43.1279744,36.337446],[43.128465,36.3379366]]},"properties":{"id":7,"Name":null,"kind":"street","source_record":"2003_Secondery_Roads.geojson:8:0","component":1,"connectivity":2,"mean_depth":3.765765765765766,"integration_1_md":0.26555023923444976,"component_size":112}},{"type":"Feature","geometry":{"type":"LineString","coordinates":[[43.1304604,36.3343841],[43.1306279,36.3344743],[43.1306866,36.3345345],[43.1307798,36.3346134],[43.1309018,36.3346707],[43.1310093,36.3347425],[43.1311169,36.3347711],[43.1313034,36.334807],[43.1316548,36.3350293],[43.1318843,36.3352158],[43.1320994,36.3354023],[43.1322142,36.3356963],[43.1323863,36.3360979],[43.1324795,36.3364278],[43.1326014,36.336772],[43.1327107,36.3371116],[43.1328339,36.3374643],[43.1329403,36.337817],[43.1329515,36.3379178],[43.1330299,36.3381642],[43.1330747,36.3383321],[43.1331138,36.3384273]]},"properties":{"id":9,"Name":null,"kind":"street","source_record":"2003_Secondery_Roads.geojson:9:0","component":1,"connectivity":2,"mean_depth":4.009009009009009,"integration_1_md":0.249438202247191,"component_size":112}},{"type":"Feature","geometry":{"type":"LineString","coordinates":[[43.1297626,36.3356411],[43.1298868,36.3357176],[43.130011,36.3357558],[43.1301256,36.3357176],[43.1301734,36.3356411],[43.1303645,36.3356698],[43.1306702,36.3358035],[43.1308708,36.3359277],[43.1309281,36.3359851],[43.1307084,36.3363003],[43.1305269,36.3366156],[43.130374,36.3367398],[43.1302212,36.3369308],[43.1300874,36.337141],[43.1299919,36.3372556],[43.1298008,36.3374276],[43.1295906,36.3375996],[43.1294091,36.3377047],[43.1292658,36.3377715],[43.1291512,36.3378671],[43.1290652,36.3379626],[43.1287499,36.3382396],[43.1286258,36.3383925],[43.1284822,36.3385667],[43.1283995,36.3386935],[43.1282451,36.3385998]]},"properties":{"id":11,"Name":null,"kind":"street","source_record":"2003_Secondery_Roads.geojson:10:0","component":1,"connectivity":3,"mean_depth":4.4324324324324325,"integration_1_md":0.22560975609756098,"component_size":112}},{"type":"Feature","geometry":{"type":"LineString","coordinates":[[43.1284088,36.3386887],[43.1284657,36.3386991],[43.1285329,36.3386939],[43.1286105,36.3386577],[43.1287191,36.3386422],[43.1287966,36.3386474],[43.1288121,36.3386887],[43.128838,36.3388852],[43.1288639,36.3390352],[43.1289207,36.3392058],[43.12912,36.3397473],[43.1293211,36.3401311],[43.1294978,36.3404175],[43.1296318,36.340582],[43.1298877,36.3407526],[43.13004,36.3408622],[43.1302532,36.3410084],[43.1303141,36.3410694]]},"properties":{"id":13,"Name":null,"kind":"street","source_record":"2003_Secondery_Roads.geojson:11:0","component":1,"connectivity":2,"mean_depth":4.387387387387387,"integration_1_md":0.22792607802874743,"component_size":112}},{"type":"Feature","geometry":{"type":"LineString","coordinates":[[43.130028,36.3372394],[43.1301338,36.3372963],[43.1303047,36.3373777],[43.1303861,36.3374591],[43.1305163,36.3375811],[43.1305814,36.33763],[43.1306546,36.3377032],[43.1307848,36.3378903],[43.1308987,36.3379961],[43.1310533,36.3380856],[43.1311917,36.3381589],[43.1312324,36.3381996],[43.1313544,36.3382565],[43.1314195,36.3383379],[43.1314602,36.3383786],[43.1315009,36.338403],[43.1315253,36.338525],[43.1315497,36.338639],[43.1315985,36.3387041],[43.131688,36.3387529],[43.131688,36.3389563],[43.1316636,36.3391435],[43.1317043,36.3393388],[43.1316962,36.3395178],[43.1317043,36.3397375],[43.1317287,36.3399084],[43.131745,36.3400548]]},"properties":{"id":14,"Name":null,"kind":"street","source_record":"2003_Secondery_Roads.geojson:12:0","component":1,"connectivity":1,"mean_depth":5.423423423423423,"integration_1_md":0.18438538205980068,"component_size":112}},{"type":"Feature","geometry":{"type":"LineString","coordinates":[[43.133419,36.3377226],[43.1330001,36.3378319],[43.1327998,36.3379047],[43.1325358,36.3379594],[43.1322535,36.3379958],[43.1319166,36.3380868],[43.1316435,36.3381415],[43.1314158,36.3381688],[43.1313976,36.3379958],[43.1313329,36.3374723],[43.1313456,36.3372446],[43.1313962,36.3371055],[43.1314215,36.3369537],[43.1314847,36.3367513],[43.1314847,36.3364984],[43.1314215,36.3360177],[43.1313076,36.3357142],[43.1312697,36.3356509],[43.1311559,36.335613],[43.13108,36.3354865],[43.1310167,36.3351197],[43.1309788,36.3349932],[43.1309914,36.3347276]]},"properties":{"id":15,"Name":null,"kind":"street","source_record":"2003_Secondery_Roads.geojson:13:0","component":1,"connectivity":1,"mean_depth":5,"integration_1_md":0.2,"component_size":112}},{"type":"Feature","geometry":{"type":"LineString","coordinates":[[43.1274876,36.3460607],[43.1274998,36.3461464],[43.1274998,36.3462445],[43.1275243,36.3464283],[43.1276101,36.3466122],[43.1276469,36.3467592],[43.1277572,36.3469063],[43.1278185,36.3470901],[43.1278798,36.347225],[43.1280391,36.3473598],[43.1281371,36.3474701],[43.1283332,36.3476539],[43.1285293,36.3478132],[43.1286764,36.3479358],[43.1287377,36.3480093],[43.128954,36.3480306],[43.1290803,36.3481037],[43.12918,36.3481302],[43.1292332,36.3481901],[43.1293594,36.3483762],[43.1294458,36.3484094],[43.1295721,36.3485024],[43.1296519,36.3485423],[43.1297582,36.3486287],[43.1298114,36.3486752],[43.1298579,36.3488081],[43.1298712,36.348868],[43.1298512,36.3489278],[43.1299044,36.3490939],[43.1299775,36.3492667],[43.130044,36.3494528],[43.1301503,36.3496256],[43.1302168,36.3497519]]},"properties":{"id":16,"Name":null,"kind":"street","source_record":"2003_Secondery_Roads.geojson:14:0","component":1,"connectivity":3,"mean_depth":4.216216216216216,"integration_1_md":0.2371794871794872,"component_size":112}},{"type":"Feature","geometry":{"type":"LineString","coordinates":[[43.1276514,36.3491471],[43.127884,36.3492003],[43.1281831,36.3492468],[43.128522,36.3492867],[43.128728,36.34928],[43.1289872,36.349167],[43.1293196,36.3490474],[43.1296718,36.3489211],[43.1298778,36.3488746],[43.1300307,36.348868],[43.1302101,36.3488547],[43.1304095,36.3488081],[43.1306288,36.3487749],[43.1308681,36.3486686],[43.1311937,36.3485556],[43.1315128,36.3484958],[43.131772,36.3483762],[43.1321109,36.348323],[43.1322904,36.3482565],[43.1324831,36.348117],[43.1326251,36.3479863],[43.1328967,36.3476808],[43.13314,36.3474658],[43.1333323,36.34733],[43.1335812,36.3471207],[43.1338132,36.3469567],[43.1339207,36.3468322],[43.134004,36.3464133],[43.1340957,36.3461016],[43.1341599,36.3458358],[43.1342515,36.3456158],[43.134334,36.3455058],[43.1345173,36.3454142],[43.1349298,36.3451667],[43.1352048,36.3450475],[43.1355256,36.3448459],[43.1357181,36.3447359]]},"properties":{"id":16,"Name":null,"kind":"street","source_record":"2003_Secondery_Roads.geojson:15:0","component":1,"connectivity":7,"mean_depth":4.441441441441442,"integration_1_md":0.2251521298174442,"component_size":112}},{"type":"Feature","geometry":{"type":"LineString","coordinates":[[43.1311259,36.3445342],[43.1313184,36.3445892],[43.13152,36.3446259],[43.1316942,36.3446534],[43.1319142,36.3447267],[43.1320975,36.3447542],[43.13229,36.344855],[43.1324275,36.3449009],[43.1325925,36.3449467],[43.1327391,36.3449834],[43.1328491,36.3450017],[43.1330508,36.3450475],[43.1332249,36.3451209],[43.1333716,36.3451759],[43.1336007,36.3452309],[43.1338115,36.3453042],[43.1340774,36.3454233],[43.1341599,36.34546],[43.1342974,36.3455425]]},"properties":{"id":17,"Name":null,"kind":"street","source_record":"2003_Secondery_Roads.geojson:16:0","component":1,"connectivity":3,"mean_depth":4.225225225225225,"integration_1_md":0.23667377398720682,"component_size":112}},{"type":"Feature","geometry":{"type":"LineString","coordinates":[[43.1343965,36.344109],[43.1343695,36.3442983],[43.1343334,36.3444335],[43.1343244,36.3444967],[43.1342703,36.344668],[43.1342523,36.3447942],[43.1342252,36.3448843],[43.1342523,36.3450196],[43.1342523,36.3451278],[43.1342523,36.3452179],[43.1343154,36.345281],[43.1344236,36.3453532],[43.1344777,36.3454163]]},"properties":{"id":18,"Name":null,"kind":"street","source_record":"2003_Secondery_Roads.geojson:17:0","component":1,"connectivity":3,"mean_depth":3.7567567567567566,"integration_1_md":0.26618705035971224,"component_size":112}},{"type":"Feature","geometry":{"type":"LineString","coordinates":[[43.1306369,36.3453892],[43.1307361,36.3454163],[43.1308623,36.3454614],[43.1310066,36.3455335],[43.1311418,36.3456236],[43.131268,36.3457408],[43.1313221,36.345822],[43.1313942,36.3458941],[43.1313041,36.3459933],[43.1312229,36.3460654],[43.1311779,36.3461646],[43.1311688,36.3462728],[43.1311508,36.3463359],[43.1311328,36.3464441],[43.1310967,36.3465523],[43.1310607,36.3466785],[43.1309885,36.3468678],[43.1309536,36.3470289],[43.1309129,36.3471818],[43.1308925,36.3473144],[43.1308619,36.347447],[43.1308415,36.3475694],[43.1307905,36.3476611],[43.1307599,36.3477631],[43.1307293,36.3478345],[43.1305661,36.3479569],[43.1305457,36.3480181],[43.1305763,36.3481099],[43.1305559,36.3481812],[43.1304539,36.3482934],[43.1303724,36.3483852],[43.1302908,36.3484566],[43.1300664,36.3483342],[43.1299644,36.348426],[43.1298217,36.3485688],[43.1297911,36.34863]]},"properties":{"id":18,"Name":null,"kind":"street","source_record":"2003_Secondery_Roads.geojson:18:0","component":1,"connectivity":3,"mean_depth":5.135135135135135,"integration_1_md":0.19473684210526315,"component_size":112}},{"type":"Feature","geometry":{"type":"LineString","coordinates":[[43.1316981,36.3483852],[43.1316981,36.3482628],[43.1317083,36.348171],[43.1318205,36.3481404],[43.1319225,36.3480997],[43.1320652,36.3480793],[43.1321876,36.3480691],[43.1322386,36.3480181],[43.132361,36.3477937],[43.1324426,36.3475897],[43.1325242,36.3474776],[43.1325955,36.3473552],[43.1326975,36.3471002],[43.1327587,36.3468555],[43.1327587,36.3467229],[43.1327587,36.3466107],[43.1327587,36.3464374],[43.1327689,36.346315],[43.1328097,36.346213],[43.1328403,36.3460804],[43.1330045,36.3454762],[43.1330898,36.3453588],[43.1331325,36.3452521],[43.1332179,36.3451027]]},"properties":{"id":19,"Name":null,"kind":"street","source_record":"2003_Secondery_Roads.geojson:19:0","component":1,"connectivity":4,"mean_depth":5.09009009009009,"integration_1_md":0.19646017699115045,"component_size":112}},{"type":"Feature","geometry":{"type":"LineString","coordinates":[[43.1311814,36.3463275],[43.1313237,36.3463275],[43.1314659,36.3463207],[43.1316013,36.3463072],[43.1317435,36.3462801],[43.1319061,36.346253],[43.1320483,36.346253],[43.132177,36.3462666],[43.132353,36.3462666],[43.132502,36.3462598],[43.1325833,36.3462666],[43.1326442,36.3463004],[43.1328068,36.3464156],[43.1329287,36.346463],[43.1330099,36.3464968],[43.1330912,36.3465171],[43.1332131,36.346551],[43.1333486,36.3465713],[43.1333824,36.3465916],[43.133396,36.3466932],[43.1334163,36.3467271],[43.1335382,36.3467609],[43.1336465,36.3467948],[43.1337481,36.3468287],[43.1338565,36.3468761],[43.13387,36.3468761]]},"properties":{"id":20,"Name":null,"kind":"street","source_record":"2003_Secondery_Roads.geojson:20:0","component":1,"connectivity":5,"mean_depth":5.36936936936937,"integration_1_md":0.18624161073825501,"component_size":112}},{"type":"Feature","geometry":{"type":"LineString","coordinates":[[43.1333756,36.3465849],[43.133484,36.3465578],[43.1336194,36.3465442],[43.1337549,36.3465171],[43.1338632,36.3464968],[43.1339919,36.3464833]]},"properties":{"id":21,"Name":null,"kind":"street","source_record":"2003_Secondery_Roads.geojson:21:0","component":1,"connectivity":2,"mean_depth":5.405405405405405,"integration_1_md":0.185,"component_size":112}},{"type":"Feature","geometry":{"type":"LineString","coordinates":[[43.131402,36.3458837],[43.1314684,36.3458221],[43.1315394,36.3457653],[43.131601,36.3457463],[43.1318332,36.3458364],[43.1319611,36.34586],[43.1320748,36.345879],[43.1322216,36.3459169],[43.1323259,36.3459501],[43.1324396,36.3459927],[43.1325391,36.3460448],[43.1326291,36.3460827],[43.1327617,36.3461159],[43.1328281,36.3461159]]},"properties":{"id":22,"Name":null,"kind":"street","source_record":"2003_Secondery_Roads.geojson:22:0","component":1,"connectivity":3,"mean_depth":6.036036036036036,"integration_1_md":0.1656716417910448,"component_size":112}},{"type":"Feature","geometry":{"type":"LineString","coordinates":[[43.1325959,36.3460732],[43.1326433,36.3461585],[43.132648,36.3461917],[43.1326386,36.3462533],[43.1326291,36.3462817]]},"properties":{"id":23,"Name":null,"kind":"street","source_record":"2003_Secondery_Roads.geojson:23:0","component":1,"connectivity":2,"mean_depth":6.342342342342342,"integration_1_md":0.15767045454545453,"component_size":112}},{"type":"Feature","geometry":{"type":"LineString","coordinates":[[43.1170823,36.3536537],[43.1175421,36.3540593],[43.1177584,36.3543838],[43.1179477,36.3546543],[43.1181641,36.3550329],[43.1185427,36.3555197],[43.1188943,36.3559794],[43.1191377,36.3565474],[43.1192458,36.3568719]]},"properties":{"id":24,"Name":null,"kind":"street","source_record":"2003_Secondery_Roads.geojson:24:0","component":1,"connectivity":2,"mean_depth":4.225225225225225,"integration_1_md":0.23667377398720682,"component_size":112}},{"type":"Feature","geometry":{"type":"LineString","coordinates":[[43.1359157,36.3277669],[43.1341475,36.3295521],[43.1334041,36.3304145],[43.1324822,36.33092],[43.1292111,36.3328827],[43.1291516,36.3332693],[43.1238749,36.3319413]]},"properties":{"id":1,"Name":null,"kind":"street","source_record":"2003_Secondery_Roads.geojson:25:0","component":1,"connectivity":7,"mean_depth":3.7027027027027026,"integration_1_md":0.27007299270072993,"component_size":112}},{"type":"Feature","geometry":{"type":"LineString","coordinates":[[43.1272596,36.3326289],[43.127762,36.3318356],[43.1285817,36.3305134],[43.1289255,36.3299053],[43.1292692,36.3291913],[43.1308293,36.3266792]]},"properties":{"id":1,"Name":null,"kind":"street","source_record":"2003_Secondery_Roads.geojson:26:0","component":1,"connectivity":1,"mean_depth":5.657657657657658,"integration_1_md":0.1767515923566879,"component_size":112}},{"type":"Feature","geometry":{"type":"LineString","coordinates":[[43.1317406,36.3268085],[43.1315756,36.326876],[43.1315231,36.327011],[43.1323259,36.3293385]]},"properties":{"id":1,"Name":null,"kind":"street","source_record":"2003_Secondery_Roads.geojson:27:0","component":1,"connectivity":1,"mean_depth":4.504504504504505,"integration_1_md":0.222,"component_size":112}},{"type":"Feature","geometry":{"type":"LineString","coordinates":[[43.1302476,36.3264941],[43.1279206,36.3277105],[43.1272067,36.3280278]]},"properties":{"id":1,"Name":null,"kind":"street","source_record":"2003_Secondery_Roads.geojson:28:0","component":1,"connectivity":2,"mean_depth":3.8018018018018016,"integration_1_md":0.26303317535545023,"component_size":112}},{"type":"Feature","geometry":{"type":"LineString","coordinates":[[43.1245368,36.3304283],[43.1257192,36.3309573],[43.1277105,36.3318285],[43.1292039,36.3328864]]},"properties":{"id":1,"Name":null,"kind":"street","source_record":"2003_Secondery_Roads.geojson:29:0","component":1,"connectivity":3,"mean_depth":4.666666666666667,"integration_1_md":0.21428571428571427,"component_size":112}},{"type":"Feature","geometry":{"type":"LineString","coordinates":[[43.1257025,36.3309449],[43.1246738,36.3321063]]},"properties":{"id":1,"Name":null,"kind":"street","source_record":"2003_Secondery_Roads.geojson:30:0","component":1,"connectivity":2,"mean_depth":4.675675675675675,"integration_1_md":0.2138728323699422,"component_size":112}},{"type":"Feature","geometry":{"type":"LineString","coordinates":[[43.1254626,36.3336215],[43.1257959,36.3324178]]},"properties":{"id":1,"Name":null,"kind":"street","source_record":"2003_Secondery_Roads.geojson:31:0","component":1,"connectivity":1,"mean_depth":4.693693693693693,"integration_1_md":0.21305182341650675,"component_size":112}},{"type":"Feature","geometry":{"type":"LineString","coordinates":[[43.1334074,36.3304177],[43.1354816,36.3307325],[43.1329444,36.33264]]},"properties":{"id":1,"Name":null,"kind":"street","source_record":"2003_Secondery_Roads.geojson:32:0","component":1,"connectivity":2,"mean_depth":4.675675675675675,"integration_1_md":0.2138728323699422,"component_size":112}},{"type":"Feature","geometry":{"type":"LineString","coordinates":[[43.1358233,36.3291533],[43.1345152,36.3305486]]},"properties":{"id":1,"Name":null,"kind":"street","source_record":"2003_Secondery_Roads.geojson:33:0","component":1,"connectivity":2,"mean_depth":4.486486486486487,"integration_1_md":0.22289156626506024,"component_size":112}},{"type":"Feature","geometry":{"type":"LineString","coordinates":[[43.1200866,36.3422155],[43.1200857,36.3422153],[43.1200832,36.342215],[43.1200791,36.3422145],[43.1200736,36.3422138],[43.1200667,36.342213],[43.1200586,36.342212],[43.1200494,36.3422108],[43.1200392,36.3422095],[43.120028,36.3422081],[43.1200161,36.3422066],[43.1200035,36.3422051],[43.1199903,36.3422034],[43.1199766,36.3422017],[43.1199626,36.3422],[43.1199483,36.3421982],[43.1199339,36.3421964],[43.1199194,36.3421946],[43.119905,36.3421928],[43.1198908,36.342191],[43.1198768,36.3421892],[43.1198633,36.3421875],[43.1198502,36.3421859],[43.1198378,36.3421844],[43.1198261,36.3421829],[43.1198152,36.3421815],[43.1198052,36.3421803],[43.1197963,36.3421792],[43.1197885,36.3421782],[43.119782,36.3421774],[43.1197769,36.3421767],[43.1197732,36.3421763],[43.1197711,36.342176],[43.1197706,36.342176],[43.1197693,36.3421761],[43.1197665,36.3421764],[43.1197623,36.3421768],[43.1197568,36.3421773],[43.11975,36.342178],[43.1197421,36.3421788],[43.1197331,36.3421797],[43.1197233,36.3421807],[43.1197126,36.3421817],[43.1197011,36.3421829],[43.119689,36.3421841],[43.1196764,36.3421853],[43.1196633,36.3421866],[43.11965,36.3421879],[43.1196363,36.3421893],[43.1196226,36.3421906],[43.1196088,36.342192],[43.119595,36.3421934],[43.1195814,36.3421947],[43.1195681,36.342196],[43.1195552,36.3421972],[43.1195427,36.3421984],[43.1195308,36.3421996],[43.1195195,36.3422007],[43.119509,36.3422017],[43.1194994,36.3422026],[43.1194907,36.3422034],[43.1194831,36.3422041],[43.1194766,36.3422047],[43.1194714,36.3422051],[43.1194675,36.3422054],[43.1194652,36.3422056],[43.1194634,36.3422058],[43.1194577,36.3422069],[43.1194478,36.3422091],[43.119434,36.3422124],[43.1194164,36.3422165],[43.1193955,36.3422214],[43.1193715,36.3422271],[43.1193446,36.3422336],[43.1193152,36.3422406],[43.1192837,36.3422482],[43.1192501,36.3422563],[43.1192149,36.3422648],[43.1191784,36.3422736],[43.1191407,36.3422827],[43.1191023,36.342292],[43.1190634,36.3423015],[43.1190243,36.342311],[43.1189852,36.3423205],[43.1189466,36.3423299],[43.1189085,36.3423391],[43.1188715,36.3423481],[43.1188356,36.3423568],[43.1188013,36.3423652],[43.1187688,36.3423731],[43.1187385,36.3423805],[43.1187105,36.3423873],[43.1186851,36.3423935],[43.1186628,36.342399],[43.1186437,36.3424036],[43.1186282,36.3424074],[43.1186165,36.3424103],[43.1186089,36.3424121],[43.1186057,36.3424129],[43.1186041,36.3424135],[43.1185981,36.342416],[43.1185878,36.3424202],[43.1185737,36.3424259],[43.1185558,36.3424332],[43.1185347,36.3424418],[43.1185104,36.3424517],[43.1184834,36.3424627],[43.1184539,36.3424747],[43.1184222,36.3424876],[43.1183886,36.3425012],[43.1183534,36.3425156],[43.1183169,36.3425304],[43.1182794,36.3425457],[43.1182411,36.3425613],[43.1182023,36.3425771],[43.1181634,36.3425929],[43.1181246,36.3426087],[43.1180863,36.3426243],[43.1180487,36.3426396],[43.118012,36.3426545],[43.1179767,36.3426689],[43.1179429,36.3426826],[43.1179111,36.3426956],[43.1178814,36.3427077],[43.1178541,36.3427188],[43.1178296,36.3427287],[43.1178081,36.3427375],[43.11779,36.3427449],[43.1177755,36.3427508],[43.1177649,36.3427551],[43.1177585,36.3427577],[43.1177565,36.3427585],[43.117754,36.3427601],[43.1177475,36.3427643],[43.1177372,36.3427708],[43.1177235,36.3427797],[43.1177065,36.3427906],[43.1176865,36.3428034],[43.1176638,36.3428179],[43.1176386,36.3428341],[43.1176113,36.3428516],[43.1175821,36.3428703],[43.1175512,36.3428901],[43.1175189,36.3429108],[43.1174855,36.3429322],[43.1174512,36.3429542],[43.1174163,36.3429766],[43.1173811,36.3429991],[43.1173459,36.3430217],[43.1173108,36.3430442],[43.1172761,36.3430664],[43.1172422,36.3430882],[43.1172093,36.3431093],[43.1171776,36.3431296],[43.1171474,36.3431489],[43.117119,36.3431671],[43.1170927,36.343184],[43.1170686,36.3431994],[43.1170471,36.3432132],[43.1170285,36.3432252],[43.1170129,36.3432352],[43.1170007,36.343243],[43.1169921,36.3432485],[43.1169873,36.3432516],[43.1169864,36.3432521],[43.1169857,36.3432524],[43.1169841,36.3432528],[43.1169818,36.3432536],[43.1169788,36.3432545],[43.1169751,36.3432557],[43.1169709,36.343257],[43.1169661,36.3432585],[43.1169608,36.3432601],[43.1169551,36.3432619],[43.116949,36.3432638],[43.1169426,36.3432658],[43.1169359,36.3432679],[43.116929,36.3432701],[43.1169219,36.3432723],[43.1169147,36.3432745],[43.1169075,36.3432768],[43.1169003,36.3432791],[43.1168931,36.3432813],[43.116886,36.3432835],[43.1168791,36.3432857],[43.1168724,36.3432878],[43.116866,36.3432898],[43.1168599,36.3432917],[43.1168542,36.3432935],[43.1168489,36.3432951],[43.1168441,36.3432966],[43.1168398,36.3432979],[43.1168362,36.3432991],[43.1168332,36.3433],[43.1168309,36.3433007],[43.1168293,36.3433012],[43.1168286,36.3433015],[43.116828,36.3433015],[43.1168255,36.3433015],[43.1168209,36.3433014],[43.1168143,36.3433014],[43.1168059,36.3433014],[43.1167958,36.3433014],[43.1167842,36.3433014],[43.1167712,36.3433014],[43.116757,36.3433015],[43.1167416,36.3433016],[43.1167253,36.3433018],[43.1167082,36.343302],[43.1166904,36.3433023],[43.1166721,36.3433027],[43.1166533,36.3433032],[43.1166343,36.3433038],[43.1166152,36.3433044],[43.1165961,36.3433052],[43.1165772,36.3433061],[43.1165586,36.3433071],[43.1165404,36.3433083],[43.1165229,36.3433096],[43.116506,36.3433111],[43.11649,36.3433127],[43.1164751,36.3433144],[43.1164613,36.3433164],[43.1164488,36.3433185],[43.1164377,36.3433208],[43.1164282,36.3433234],[43.1164204,36.3433261],[43.1164145,36.343329],[43.1164106,36.3433322],[43.1164088,36.3433356],[43.1164084,36.3433395],[43.116408,36.3433443],[43.1164077,36.3433498],[43.1164074,36.3433561],[43.1164072,36.3433631],[43.116407,36.3433707],[43.1164069,36.3433788],[43.1164068,36.3433874],[43.1164067,36.3433964],[43.1164067,36.3434058],[43.1164066,36.3434155],[43.1164067,36.3434254],[43.1164067,36.3434355],[43.1164068,36.3434457],[43.1164068,36.3434559],[43.1164069,36.3434662],[43.116407,36.3434763],[43.1164072,36.3434863],[43.1164073,36.3434961],[43.1164074,36.3435057],[43.1164076,36.3435149],[43.1164077,36.3435237],[43.1164079,36.343532],[43.116408,36.3435399],[43.1164082,36.3435471],[43.1164083,36.3435537],[43.1164084,36.3435597],[43.1164085,36.3435648],[43.1164086,36.3435691],[43.1164087,36.3435725],[43.1164087,36.343575],[43.1164088,36.3435764],[43.1164088,36.3435768],[43.1164087,36.3435776],[43.1164085,36.3435795],[43.1164083,36.3435824],[43.1164079,36.3435863],[43.1164075,36.343591],[43.116407,36.3435966],[43.1164064,36.3436029],[43.1164058,36.3436099],[43.1164051,36.3436175],[43.1164043,36.3436256],[43.1164036,36.3436341],[43.1164028,36.343643],[43.1164019,36.3436522],[43.1164011,36.3436617],[43.1164002,36.3436713],[43.1163993,36.343681],[43.1163984,36.3436907],[43.1163975,36.3437003],[43.1163967,36.3437099],[43.1163958,36.3437192],[43.116395,36.3437282],[43.1163942,36.3437369],[43.1163935,36.3437452],[43.1163928,36.3437529],[43.1163921,36.3437601],[43.1163915,36.3437667],[43.116391,36.3437725],[43.1163905,36.3437776],[43.1163901,36.3437818],[43.1163898,36.3437851],[43.1163896,36.3437874],[43.1163895,36.3437886],[43.1163894,36.3437888],[43.1163884,36.3437895],[43.1163865,36.343791],[43.1163837,36.3437931],[43.11638,36.3437958],[43.1163756,36.3437991],[43.1163705,36.3438029],[43.1163647,36.3438072],[43.1163584,36.3438119],[43.1163515,36.343817],[43.1163442,36.3438224],[43.1163366,36.3438281],[43.1163286,36.343834],[43.1163204,36.3438402],[43.1163119,36.3438464],[43.1163034,36.3438528],[43.1162948,36.3438592],[43.1162862,36.3438656],[43.1162777,36.3438719],[43.1162693,36.3438781],[43.1162611,36.3438842],[43.1162532,36.3438901],[43.1162455,36.3438958],[43.1162383,36.3439012],[43.1162316,36.3439062],[43.1162253,36.3439108],[43.1162197,36.343915],[43.1162147,36.3439187],[43.1162104,36.3439219],[43.1162069,36.3439245],[43.1162042,36.3439265],[43.1162025,36.3439278],[43.1162017,36.3439284],[43.1162011,36.3439286],[43.1161989,36.3439292],[43.1161949,36.3439302],[43.1161893,36.3439317],[43.1161823,36.3439336],[43.1161739,36.3439359],[43.1161642,36.3439385],[43.1161534,36.3439413],[43.1161416,36.3439445],[43.116129,36.3439479],[43.1161155,36.3439515],[43.1161014,36.3439553],[43.1160867,36.3439592],[43.1160716,36.3439632],[43.1160562,36.3439674],[43.1160406,36.3439715],[43.1160249,36.3439757],[43.1160093,36.3439799],[43.1159938,36.3439841],[43.1159786,36.3439881],[43.1159638,36.3439921],[43.1159496,36.3439959],[43.1159359,36.3439996],[43.115923,36.344003],[43.1159109,36.3440062],[43.1158999,36.3440092],[43.1158899,36.3440119],[43.1158811,36.3440142],[43.1158737,36.3440162],[43.1158677,36.3440178],[43.1158633,36.344019],[43.1158605,36.3440197],[43.1158596,36.34402]]},"properties":{"id":1,"Name":null,"kind":"street","source_record":"2003_Secondery_Roads.geojson:34:0","component":1,"connectivity":3,"mean_depth":3.8468468468468466,"integration_1_md":0.25995316159250587,"component_size":112}},{"type":"Feature","geometry":{"type":"LineString","coordinates":[[43.121402,36.351242],[43.1214027,36.3512422],[43.1214043,36.3512427],[43.1214068,36.3512436],[43.1214102,36.3512449],[43.1214143,36.3512464],[43.1214193,36.3512483],[43.1214252,36.3512505],[43.1214318,36.3512531],[43.1214392,36.3512559],[43.1214473,36.3512591],[43.1214563,36.3512626],[43.1214659,36.3512663],[43.1214763,36.3512704],[43.1214874,36.3512747],[43.1214992,36.3512793],[43.1215116,36.3512842],[43.1215247,36.3512893],[43.1215385,36.3512947],[43.1215529,36.3513004],[43.1215679,36.3513063],[43.1215835,36.3513124],[43.1215997,36.3513188],[43.1216165,36.3513254],[43.1216339,36.3513322],[43.1216517,36.3513393],[43.1216701,36.3513466],[43.121689,36.351354],[43.1217084,36.3513617],[43.1217283,36.3513695],[43.1217487,36.3513776],[43.1217695,36.3513858],[43.1217907,36.3513942],[43.1218124,36.3514028],[43.1218344,36.3514115],[43.1218569,36.3514204],[43.1218797,36.3514294],[43.1219029,36.3514386],[43.1219265,36.3514479],[43.1219503,36.3514574],[43.1219745,36.3514669],[43.121999,36.3514766],[43.1220237,36.3514864],[43.1220488,36.3514964],[43.1220741,36.3515064],[43.1220996,36.3515165],[43.1221254,36.3515267],[43.1221513,36.351537],[43.1221775,36.3515474],[43.1222038,36.3515578],[43.1222303,36.3515683],[43.122257,36.3515789],[43.1222837,36.3515895],[43.1223106,36.3516002],[43.1223376,36.3516109],[43.1223647,36.3516217],[43.1223919,36.3516325],[43.1224191,36.3516433],[43.1224464,36.3516541],[43.1224737,36.3516649],[43.122501,36.3516758],[43.1225283,36.3516866],[43.1225556,36.3516975],[43.1225828,36.3517083],[43.12261,36.3517191],[43.1226372,36.3517299],[43.1226643,36.3517406],[43.1226912,36.3517514],[43.1227181,36.351762],[43.1227448,36.3517727],[43.1227714,36.3517832],[43.1227979,36.3517937],[43.1228242,36.3518042],[43.1228503,36.3518146],[43.1228762,36.3518248],[43.1229019,36.3518351],[43.1229273,36.3518452],[43.1229526,36.3518552],[43.1229775,36.3518651],[43.1230022,36.3518749],[43.1230266,36.3518846],[43.1230507,36.3518942],[43.1230744,36.3519037],[43.1230979,36.351913],[43.123121,36.3519222],[43.1231437,36.3519312],[43.123166,36.3519401],[43.123188,36.3519488],[43.1232095,36.3519574],[43.1232306,36.3519658],[43.1232513,36.351974],[43.1232715,36.351982],[43.1232913,36.3519899],[43.1233105,36.3519976],[43.1233293,36.352005],[43.1233475,36.3520123],[43.1233653,36.3520193],[43.1233824,36.3520262],[43.123399,36.3520328],[43.1234151,36.3520391],[43.1234305,36.3520453],[43.1234454,36.3520512],[43.1234596,36.3520568],[43.1234732,36.3520623],[43.1234861,36.3520674],[43.1234983,36.3520723],[43.1235099,36.3520769],[43.1235208,36.3520812],[43.123531,36.3520853],[43.1235404,36.352089],[43.1235491,36.3520925],[43.1235571,36.3520956],[43.1235642,36.3520985],[43.1235706,36.352101],[43.1235762,36.3521033],[43.123581,36.3521052],[43.1235849,36.3521067],[43.123588,36.352108],[43.1235902,36.3521088],[43.1235916,36.3521094],[43.123592,36.3521096],[43.1235921,36.3521096],[43.1235923,36.3521097],[43.1235927,36.3521098],[43.1235933,36.35211],[43.123594,36.3521102],[43.1235949,36.3521105],[43.123596,36.3521108],[43.1235971,36.3521112],[43.1235985,36.3521116],[43.1235999,36.352112],[43.1236015,36.3521126],[43.1236033,36.3521131],[43.1236051,36.3521137],[43.1236071,36.3521143],[43.1236093,36.352115],[43.1236115,36.3521157],[43.1236139,36.3521165],[43.1236164,36.3521173],[43.1236191,36.3521181],[43.1236218,36.352119],[43.1236246,36.3521199],[43.1236276,36.3521208],[43.1236307,36.3521218],[43.1236338,36.3521228],[43.1236371,36.3521238],[43.1236404,36.3521248],[43.1236439,36.3521259],[43.1236475,36.3521271],[43.1236511,36.3521282],[43.1236548,36.3521294],[43.1236586,36.3521306],[43.1236625,36.3521318],[43.1236665,36.3521331],[43.1236705,36.3521344],[43.1236747,36.3521357],[43.1236788,36.352137],[43.1236831,36.3521383],[43.1236874,36.3521397],[43.1236918,36.3521411],[43.1236962,36.3521425],[43.1237007,36.3521439],[43.1237053,36.3521453],[43.1237099,36.3521468],[43.1237145,36.3521482],[43.1237192,36.3521497],[43.1237239,36.3521512],[43.1237287,36.3521527],[43.1237335,36.3521542],[43.1237384,36.3521558],[43.1237432,36.3521573],[43.1237481,36.3521589],[43.1237531,36.3521604],[43.123758,36.352162],[43.123763,36.3521635],[43.123768,36.3521651],[43.1237729,36.3521667],[43.123778,36.3521683],[43.123783,36.3521699],[43.123788,36.3521714],[43.123793,36.352173],[43.123798,36.3521746],[43.1238031,36.3521762],[43.1238081,36.3521778],[43.1238131,36.3521794],[43.1238181,36.3521809],[43.1238231,36.3521825],[43.123828,36.3521841],[43.123833,36.3521856],[43.1238379,36.3521872],[43.1238428,36.3521888],[43.1238477,36.3521903],[43.1238525,36.3521918],[43.1238573,36.3521933],[43.1238621,36.3521948],[43.1238668,36.3521963],[43.1238715,36.3521978],[43.1238762,36.3521993],[43.1238808,36.3522007],[43.1238853,36.3522022],[43.1238898,36.3522036],[43.1238942,36.352205],[43.1238986,36.3522064],[43.1239029,36.3522077],[43.1239072,36.3522091],[43.1239114,36.3522104],[43.1239155,36.3522117],[43.1239195,36.352213],[43.1239235,36.3522142],[43.1239274,36.3522155],[43.1239312,36.3522167],[43.1239349,36.3522178],[43.1239386,36.352219],[43.1239421,36.3522201],[43.1239456,36.3522212],[43.123949,36.3522223],[43.1239522,36.3522233],[43.1239554,36.3522243],[43.1239584,36.3522253],[43.1239614,36.3522262],[43.1239643,36.3522271],[43.123967,36.352228],[43.1239696,36.3522288],[43.1239721,36.3522296],[43.1239745,36.3522303],[43.1239768,36.3522311],[43.1239789,36.3522317],[43.1239809,36.3522324],[43.1239828,36.352233],[43.1239845,36.3522335],[43.1239861,36.352234],[43.1239876,36.3522345],[43.1239889,36.3522349],[43.1239901,36.3522353],[43.1239911,36.3522356],[43.123992,36.3522359],[43.1239927,36.3522361],[43.1239933,36.3522363],[43.1239937,36.3522364],[43.1239939,36.3522365],[43.123994,36.3522365],[43.1239941,36.3522365],[43.1239941,36.3522366],[43.1239943,36.3522368],[43.1239945,36.352237],[43.1239947,36.3522372],[43.123995,36.3522375],[43.1239954,36.3522379],[43.1239958,36.3522383],[43.1239962,36.3522387],[43.1239967,36.3522392],[43.1239973,36.3522398],[43.1239979,36.3522404],[43.1239985,36.352241],[43.1239992,36.3522417],[43.1239999,36.3522424],[43.1240007,36.3522432],[43.1240015,36.352244],[43.1240024,36.3522449],[43.1240033,36.3522458],[43.1240042,36.3522467],[43.1240052,36.3522477],[43.1240062,36.3522487],[43.1240073,36.3522497],[43.1240083,36.3522508],[43.1240095,36.3522519],[43.1240106,36.3522531],[43.1240118,36.3522543],[43.124013,36.3522555],[43.1240142,36.3522567],[43.1240155,36.352258],[43.1240168,36.3522593],[43.1240182,36.3522606],[43.1240195,36.352262],[43.1240209,36.3522634],[43.1240223,36.3522648],[43.1240237,36.3522662],[43.1240252,36.3522677],[43.1240267,36.3522691],[43.1240282,36.3522706],[43.1240297,36.3522722],[43.1240312,36.3522737],[43.1240328,36.3522753],[43.1240344,36.3522768],[43.1240359,36.3522784],[43.1240375,36.35228],[43.1240392,36.3522816],[43.1240408,36.3522833],[43.1240424,36.3522849],[43.1240441,36.3522866],[43.1240458,36.3522882],[43.1240474,36.3522899],[43.1240491,36.3522916],[43.1240508,36.3522933],[43.1240525,36.352295],[43.1240542,36.3522967],[43.1240559,36.3522984],[43.1240576,36.3523001],[43.1240594,36.3523018],[43.1240611,36.3523036],[43.1240628,36.3523053],[43.1240645,36.352307],[43.1240662,36.3523087],[43.124068,36.3523104],[43.1240697,36.3523121],[43.1240714,36.3523138],[43.1240731,36.3523156],[43.1240748,36.3523173],[43.1240765,36.3523189],[43.1240782,36.3523206],[43.1240798,36.3523223],[43.1240815,36.352324],[43.1240832,36.3523256],[43.1240848,36.3523273],[43.1240864,36.3523289],[43.1240881,36.3523305],[43.1240897,36.3523321],[43.1240912,36.3523337],[43.1240928,36.3523353],[43.1240944,36.3523368],[43.1240959,36.3523384],[43.1240974,36.3523399],[43.1240989,36.3523414],[43.1241004,36.3523429],[43.1241019,36.3523443],[43.1241033,36.3523458],[43.1241047,36.3523472],[43.1241061,36.3523486],[43.1241074,36.3523499],[43.1241088,36.3523512],[43.1241101,36.3523526],[43.1241114,36.3523538],[43.1241126,36.3523551],[43.1241138,36.3523563],[43.124115,36.3523575],[43.1241161,36.3523586],[43.1241173,36.3523597],[43.1241183,36.3523608],[43.1241194,36.3523619],[43.1241204,36.3523629],[43.1241214,36.3523639],[43.1241223,36.3523648],[43.1241232,36.3523657],[43.1241241,36.3523665],[43.1241249,36.3523674],[43.1241257,36.3523681],[43.1241264,36.3523689],[43.1241271,36.3523695],[43.1241277,36.3523702],[43.1241283,36.3523708],[43.1241289,36.3523713],[43.1241294,36.3523718],[43.1241298,36.3523723],[43.1241302,36.3523727],[43.1241306,36.352373],[43.1241309,36.3523733],[43.1241311,36.3523736],[43.1241313,36.3523738],[43.1241315,36.3523739],[43.1241315,36.352374],[43.1241316,36.352374]]},"properties":{"id":1,"Name":null,"kind":"street","source_record":"2003_Secondery_Roads.geojson:35:0","component":1,"connectivity":1,"mean_depth":4.36036036036036,"integration_1_md":0.22933884297520662,"component_size":112}},{"type":"Feature","geometry":{"type":"LineString","coordinates":[[43.1359317,36.3448137],[43.1350835,36.3458017],[43.1347181,36.3455671],[43.1345015,36.3454227]]},"properties":{"id":1,"Name":null,"kind":"street","source_record":"2003_Secondery_Roads.geojson:37:0","component":1,"connectivity":4,"mean_depth":3.7477477477477477,"integration_1_md":0.2668269230769231,"component_size":112}},{"type":"Feature","geometry":{"type":"LineString","coordinates":[[43.1350796,36.3458019],[43.1349113,36.3459975],[43.1347744,36.3461657],[43.1346922,36.3462049],[43.1345905,36.3461931],[43.1345123,36.3461736],[43.1344693,36.3462283],[43.1344301,36.3462636],[43.1343441,36.3463927],[43.1343754,36.3464279],[43.1343206,36.3466235],[43.1342776,36.3466822],[43.1343362,36.3467095],[43.134258,36.3467995]]},"properties":{"id":1,"Name":null,"kind":"street","source_record":"2003_Secondery_Roads.geojson:38:0","component":1,"connectivity":1,"mean_depth":4.738738738738738,"integration_1_md":0.21102661596958178,"component_size":112}},{"type":"Feature","geometry":{"type":"LineString","coordinates":[[43.1186135,36.3448991],[43.118618,36.3449086],[43.1186227,36.3449178],[43.1186274,36.3449267],[43.1186323,36.3449353],[43.1186372,36.3449436],[43.1186421,36.3449515],[43.1186471,36.3449592],[43.1186521,36.3449666],[43.1186571,36.3449736],[43.1186622,36.3449804],[43.1186672,36.344987],[43.1186722,36.3449932],[43.1186772,36.3449992],[43.1186822,36.3450049],[43.1186871,36.3450103],[43.118692,36.3450154],[43.1186968,36.3450203],[43.1187015,36.345025],[43.1187061,36.3450294],[43.1187106,36.3450336],[43.118715,36.3450375],[43.1187193,36.3450411],[43.1187235,36.3450446],[43.1187275,36.3450478],[43.1187313,36.3450508],[43.118735,36.3450535],[43.1187385,36.3450561],[43.1187418,36.3450584],[43.1187449,36.3450605],[43.1187478,36.3450625],[43.1187504,36.3450642],[43.1187529,36.3450657],[43.1187551,36.345067],[43.118757,36.3450682],[43.1187587,36.3450691],[43.1187601,36.3450699],[43.1187612,36.3450705],[43.118762,36.3450709],[43.1187625,36.3450711],[43.1187626,36.3450712],[43.1187633,36.3450713],[43.1187651,36.3450718],[43.1187682,36.3450725],[43.1187724,36.3450735],[43.1187776,36.3450747],[43.1187838,36.3450761],[43.1187909,36.3450778],[43.1187989,36.3450796],[43.1188076,36.3450816],[43.1188172,36.3450838],[43.1188273,36.3450862],[43.1188381,36.3450887],[43.1188495,36.3450913],[43.1188613,36.3450941],[43.1188735,36.3450969],[43.1188861,36.3450998],[43.1188989,36.3451028],[43.118912,36.3451059],[43.1189253,36.345109],[43.1189387,36.3451121],[43.1189521,36.3451152],[43.1189654,36.3451183],[43.1189787,36.3451214],[43.1189919,36.3451245],[43.1190048,36.3451275],[43.1190174,36.3451305],[43.1190297,36.3451333],[43.1190416,36.3451361],[43.119053,36.3451388],[43.1190639,36.3451414],[43.1190742,36.3451438],[43.1190839,36.3451461],[43.1190928,36.3451482],[43.1191009,36.3451502],[43.1191082,36.3451519],[43.1191146,36.3451534],[43.11912,36.3451548],[43.1191244,36.3451559],[43.1191277,36.3451567],[43.1191298,36.3451573],[43.1191315,36.3451577],[43.1191337,36.3451583],[43.1191362,36.345159],[43.1191391,36.3451599],[43.1191424,36.3451607],[43.1191461,36.3451617],[43.11915,36.3451628],[43.1191542,36.3451639],[43.1191586,36.3451651],[43.1191633,36.3451664],[43.1191682,36.3451677],[43.1191733,36.3451691],[43.1191786,36.3451705],[43.1191839,36.3451719],[43.1191894,36.3451734],[43.119195,36.3451749],[43.1192006,36.3451764],[43.1192063,36.3451779],[43.119212,36.3451794],[43.1192176,36.3451809],[43.1192232,36.3451824],[43.1192288,36.3451839],[43.1192343,36.3451854],[43.1192396,36.3451868],[43.1192449,36.3451882],[43.1192499,36.3451895],[43.1192548,36.3451908],[43.1192595,36.3451921],[43.1192639,36.3451933],[43.1192681,36.3451944],[43.119272,36.3451954],[43.1192756,36.3451964],[43.1192789,36.3451972],[43.1192818,36.345198],[43.1192843,36.3451987],[43.1192864,36.3451992],[43.1192881,36.3451997],[43.1192894,36.3452],[43.1192901,36.3452002],[43.1192904,36.3452003],[43.1192905,36.3452004],[43.1192908,36.3452008],[43.1192913,36.3452014],[43.1192919,36.3452023],[43.1192927,36.3452034],[43.1192937,36.3452046],[43.1192948,36.3452061],[43.1192961,36.3452077],[43.1192974,36.3452095],[43.1192989,36.3452115],[43.1193005,36.3452136],[43.1193022,36.3452158],[43.1193039,36.3452181],[43.1193058,36.3452205],[43.1193076,36.345223],[43.1193096,36.3452255],[43.1193116,36.3452281],[43.1193136,36.3452308],[43.1193156,36.3452334],[43.1193176,36.3452361],[43.1193197,36.3452388],[43.1193217,36.3452415],[43.1193237,36.3452441],[43.1193257,36.3452467],[43.1193277,36.3452493],[43.1193295,36.3452518],[43.1193314,36.3452542],[43.1193331,36.3452565],[43.1193348,36.3452587],[43.1193364,36.3452608],[43.1193379,36.3452627],[43.1193392,36.3452645],[43.1193405,36.3452662],[43.1193416,36.3452676],[43.1193426,36.3452689],[43.1193434,36.34527],[43.119344,36.3452708],[43.1193445,36.3452715],[43.1193448,36.3452719],[43.1193449,36.345272],[43.1193448,36.3452724],[43.1193445,36.3452735],[43.1193439,36.3452753],[43.1193432,36.3452778],[43.1193423,36.3452809],[43.1193412,36.3452845],[43.11934,36.3452887],[43.1193386,36.3452935],[43.1193371,36.3452986],[43.1193355,36.3453043],[43.1193337,36.3453103],[43.1193319,36.3453166],[43.1193299,36.3453233],[43.1193279,36.3453302],[43.1193258,36.3453373],[43.1193237,36.3453447],[43.1193215,36.3453522],[43.1193193,36.3453598],[43.119317,36.3453675],[43.1193148,36.3453753],[43.1193125,36.345383],[43.1193103,36.3453907],[43.1193081,36.3453983],[43.1193059,36.3454058],[43.1193037,36.3454132],[43.1193016,36.3454203],[43.1192996,36.3454272],[43.1192977,36.3454339],[43.1192958,36.3454402],[43.1192941,36.3454462],[43.1192924,36.3454519],[43.1192909,36.345457],[43.1192896,36.3454618],[43.1192883,36.345466],[43.1192873,36.3454696],[43.1192863,36.3454727],[43.1192856,36.3454752],[43.1192851,36.345477],[43.1192848,36.3454781],[43.1192847,36.3454785],[43.1192843,36.3454793],[43.1192831,36.3454817],[43.1192813,36.3454857],[43.1192787,36.345491],[43.1192756,36.3454977],[43.1192718,36.3455056],[43.1192675,36.3455147],[43.1192626,36.3455249],[43.1192573,36.3455361],[43.1192516,36.3455482],[43.1192454,36.3455612],[43.1192389,36.3455749],[43.1192321,36.3455893],[43.119225,36.3456043],[43.1192176,36.3456197],[43.1192101,36.3456356],[43.1192024,36.3456518],[43.1191946,36.3456683],[43.1191867,36.3456849],[43.1191787,36.3457017],[43.1191708,36.3457184],[43.1191629,36.345735],[43.1191551,36.3457515],[43.1191474,36.3457677],[43.1191398,36.3457836],[43.1191325,36.3457991],[43.1191254,36.345814],[43.1191185,36.3458284],[43.119112,36.3458421],[43.1191059,36.3458551],[43.1191001,36.3458672],[43.1190948,36.3458784],[43.11909,36.3458886],[43.1190856,36.3458977],[43.1190819,36.3459056],[43.1190787,36.3459123],[43.1190762,36.3459177],[43.1190743,36.3459216],[43.1190732,36.345924],[43.1190728,36.3459248],[43.1190726,36.3459253],[43.1190722,36.3459268],[43.1190716,36.3459292],[43.1190707,36.3459326],[43.1190695,36.3459367],[43.1190682,36.3459416],[43.1190667,36.3459473],[43.119065,36.3459536],[43.1190631,36.3459606],[43.119061,36.3459682],[43.1190589,36.3459762],[43.1190566,36.3459848],[43.1190541,36.3459938],[43.1190516,36.3460032],[43.119049,36.3460129],[43.1190464,36.3460228],[43.1190436,36.346033],[43.1190409,36.3460434],[43.1190381,36.3460539],[43.1190352,36.3460645],[43.1190324,36.3460751],[43.1190296,36.3460856],[43.1190269,36.3460961],[43.1190241,36.3461065],[43.1190215,36.3461167],[43.1190189,36.3461266],[43.1190164,36.3461363],[43.1190139,36.3461457],[43.1190116,36.3461546],[43.1190095,36.3461632],[43.1190074,36.3461712],[43.1190055,36.3461787],[43.1190038,36.3461857],[43.1190023,36.346192],[43.119001,36.3461976],[43.1189998,36.3462024],[43.1189989,36.3462065],[43.1189983,36.3462098],[43.1189979,36.3462122],[43.1189977,36.3462136],[43.1189978,36.346215],[43.118998,36.3462171],[43.1189982,36.3462201],[43.1189986,36.3462237],[43.1189991,36.346228],[43.1189996,36.346233],[43.1190003,36.3462386],[43.119001,36.3462447],[43.1190018,36.3462513],[43.1190026,36.3462583],[43.1190036,36.3462658],[43.1190045,36.3462737],[43.1190055,36.3462818],[43.1190066,36.3462903],[43.1190077,36.346299],[43.1190088,36.3463079],[43.11901,36.346317],[43.1190111,36.3463262],[43.1190123,36.3463354],[43.1190135,36.3463447],[43.1190147,36.346354],[43.1190158,36.3463632],[43.119017,36.3463722],[43.1190181,36.3463812],[43.1190193,36.3463899],[43.1190203,36.3463985],[43.1190214,36.3464067],[43.1190224,36.3464146],[43.1190234,36.3464222],[43.1190243,36.3464293],[43.1190252,36.346436],[43.1190259,36.3464422],[43.1190267,36.3464478],[43.1190273,36.3464529],[43.1190279,36.3464574],[43.1190283,36.3464612],[43.1190287,36.3464642],[43.119029,36.3464665],[43.1190292,36.3464681],[43.1190292,36.3464687],[43.1190294,36.3464693],[43.1190301,36.3464707],[43.1190311,36.3464727],[43.1190326,36.3464754],[43.1190344,36.3464787],[43.1190365,36.3464826],[43.1190389,36.346487],[43.1190417,36.3464919],[43.1190447,36.3464972],[43.1190479,36.346503],[43.1190514,36.3465092],[43.1190551,36.3465157],[43.1190589,36.3465225],[43.1190629,36.3465296],[43.1190671,36.3465369],[43.1190714,36.3465444],[43.1190757,36.346552],[43.1190801,36.3465598],[43.1190846,36.3465676],[43.1190891,36.3465754],[43.1190936,36.3465833],[43.119098,36.3465911],[43.1191024,36.3465988],[43.1191068,36.3466064],[43.119111,36.3466138],[43.1191152,36.3466211],[43.1191192,36.346628],[43.1191231,36.3466348],[43.1191267,36.3466412],[43.1191302,36.3466472],[43.1191335,36.3466529],[43.1191365,36.3466581],[43.1191392,36.3466629],[43.1191416,36.3466671],[43.1191438,36.3466708],[43.1191456,36.3466739],[43.119147,36.3466764],[43.119148,36.3466782],[43.1191487,36.3466794],[43.1191489,36.3466798]]},"properties":{"id":1,"Name":null,"kind":"street","source_record":"2003_Secondery_Roads.geojson:39:0","component":1,"connectivity":3,"mean_depth":3.945945945945946,"integration_1_md":0.2534246575342466,"component_size":112}},{"type":"Feature","geometry":{"type":"LineString","coordinates":[[43.1266413,36.3524269],[43.126654,36.35243789999999],[43.132135,36.3573032],[43.132462700000005,36.35780509999999],[43.1328625,36.3586809],[43.1329957,36.3596708],[43.1328625,36.360737],[43.1325959,36.36155560000001]]},"properties":{"id":1,"Name":"الجسر الخامس","kind":"bridge","source_record":"2003_Bridges.geojson:0:0","bridge_targets":["2003_Main_Roads.geojson:60:0"],"approach_method":"nearest endpoint-to-street, at most 50 m, no building crossing","approach_added_m":1.67,"component":1,"connectivity":1,"mean_depth":4.648648648648648,"integration_1_md":0.21511627906976746,"component_size":112}},{"type":"Feature","geometry":{"type":"LineString","coordinates":[[43.1267138,36.3522856],[43.1267132,36.352295600000005],[43.131806,36.35677160000001],[43.1326965,36.3573594],[43.1336247,36.35773329999999],[43.1351329,36.35793950000001],[43.1366798,36.3576817],[43.1377755,36.3572176]]},"properties":{"id":1,"Name":"الجسر الخامس","kind":"bridge","source_record":"2003_Bridges.geojson:1:0","bridge_targets":["2003_Main_Roads.geojson:61:0"],"approach_method":"nearest endpoint-to-street, at most 50 m, no building crossing","approach_added_m":1.111,"component":1,"connectivity":1,"mean_depth":4.009009009009009,"integration_1_md":0.249438202247191,"component_size":112}},{"type":"Feature","geometry":{"type":"LineString","coordinates":[[43.1116388,36.35952689999999],[43.1116779,36.3595177],[43.1151797,36.36180379999999],[43.1176291,36.36356379999999],[43.1192076,36.3646887]]},"properties":{"id":1,"Name":"الجسر الثالث","kind":"bridge","source_record":"2003_Bridges.geojson:4:0","bridge_targets":["2003_Main_Roads.geojson:40:0"],"approach_method":"nearest endpoint-to-street, at most 50 m, no building crossing","approach_added_m":3.655,"component":1,"connectivity":1,"mean_depth":5.36036036036036,"integration_1_md":0.1865546218487395,"component_size":112}},{"type":"Feature","geometry":{"type":"LineString","coordinates":[[43.13664487218224,36.345066375856895],[43.136821,36.345234100000006],[43.1400215,36.3468003]]},"properties":{"id":1,"Name":"الجسر الحديدي (العتيق)","kind":"bridge","source_record":"2003_Bridges.geojson:5:0","bridge_targets":["2003_Main_Roads.geojson:36:0"],"approach_method":"nearest endpoint-to-street, at most 50 m, no building crossing","approach_added_m":24.419,"component":1,"connectivity":1,"mean_depth":4.963963963963964,"integration_1_md":0.2014519056261343,"component_size":112}},{"type":"Feature","geometry":{"type":"LineString","coordinates":[[43.1414195,36.338891499999995],[43.1414478,36.3388807],[43.1456789,36.341393]]},"properties":{"id":1,"Name":"الجسر الثاني (الحرية)","kind":"bridge","source_record":"2003_Bridges.geojson:6:0","bridge_targets":["2003_Main_Roads.geojson:36:0"],"approach_method":"nearest endpoint-to-street, at most 50 m, no building crossing","approach_added_m":2.809,"component":1,"connectivity":1,"mean_depth":4.963963963963964,"integration_1_md":0.2014519056261343,"component_size":112}},{"type":"Feature","geometry":{"type":"LineString","coordinates":[[43.14842904690357,36.33101791702453],[43.148428200000005,36.33101969999999],[43.1561231,36.33432020000001]]},"properties":{"id":1,"Name":"الجسر الرابع","kind":"bridge","source_record":"2003_Bridges.geojson:7:0","bridge_targets":["2003_Main_Roads.geojson:69:0"],"approach_method":"nearest endpoint-to-street, at most 50 m, no building crossing","approach_added_m":0.212,"component":1,"connectivity":1,"mean_depth":5.423423423423423,"integration_1_md":0.18438538205980068,"component_size":112}},{"type":"Feature","geometry":{"type":"LineString","coordinates":[[43.148535925872984,36.33085912553027],[43.1485376,36.3308556],[43.1521845,36.332405499999986],[43.1562508,36.33411959999999]]},"properties":{"id":1,"Name":"الجسر الرابع","kind":"bridge","source_record":"2003_Bridges.geojson:8:0","bridge_targets":["2003_Main_Roads.geojson:71:0"],"approach_method":"nearest endpoint-to-street, at most 50 m, no building crossing","approach_added_m":0.419,"component":1,"connectivity":1,"mean_depth":4.7657657657657655,"integration_1_md":0.20982986767485823,"component_size":112}}]}