{
"type": "FeatureCollection",
"name": "1944_Roads",
"features": [
{ "type": "Feature", "properties": { "fid": 2, "id": 1, "SpatialID": "43.135_36.345" }, "geometry": { "type": "LineString", "coordinates": [ [ 43.1279285, 36.3269477 ], [ 43.127688, 36.3272306 ], [ 43.1273202, 36.3270184 ], [ 43.1275182, 36.3267072 ], [ 43.1279285, 36.3269477 ] ] } },
{ "type": "Feature", "properties": { "fid": 4, "id": 1, "SpatialID": "43.135_36.345" }, "geometry": { "type": "LineString", "coordinates": [ [ 43.1270231, 36.3273155 ], [ 43.1268958, 36.3275843 ], [ 43.126344, 36.3272448 ], [ 43.1264855, 36.3270609 ], [ 43.1270231, 36.3273155 ] ] } },
{ "type": "Feature", "properties": { "fid": 6, "id": 1, "SpatialID": "43.135_36.345" }, "geometry": { "type": "LineString", "coordinates": [ [ 43.1259572, 36.3275584 ], [ 43.1261907, 36.3277781 ], [ 43.1260534, 36.3279704 ], [ 43.1258062, 36.3277644 ], [ 43.1259572, 36.3275584 ] ] } },
{ "type": "Feature", "properties": { "fid": 7, "id": 1, "SpatialID": "43.135_36.345" }, "geometry": { "type": "LineString", "coordinates": [ [ 43.1256414, 36.327888 ], [ 43.1258886, 36.3281077 ], [ 43.1257512, 36.3282451 ], [ 43.1254903, 36.3280391 ], [ 43.1256414, 36.327888 ] ] } },
{ "type": "Feature", "properties": { "fid": 8, "id": 1, "SpatialID": "43.135_36.345" }, "geometry": { "type": "LineString", "coordinates": [ [ 43.1251332, 36.3283412 ], [ 43.1253392, 36.3281352 ], [ 43.1255727, 36.3283549 ], [ 43.1253804, 36.3285747 ], [ 43.1251332, 36.3283412 ] ] } },
{ "type": "Feature", "properties": { "fid": 9, "id": 1, "SpatialID": "43.135_36.345" }, "geometry": { "type": "LineString", "coordinates": [ [ 43.1248998, 36.3290691 ], [ 43.1245976, 36.3287944 ], [ 43.1248174, 36.3285884 ], [ 43.1251332, 36.3288356 ], [ 43.1248998, 36.3290691 ] ] } },
{ "type": "Feature", "properties": { "fid": 11, "id": 1, "SpatialID": "43.135_36.345" }, "geometry": { "type": "LineString", "coordinates": [ [ 43.1245015, 36.3293712 ], [ 43.1243504, 36.329536 ], [ 43.1240483, 36.3292888 ], [ 43.1241993, 36.3290966 ], [ 43.1245015, 36.3293712 ] ] } },
{ "type": "Feature", "properties": { "fid": 12, "id": 1, "SpatialID": "43.135_36.345" }, "geometry": { "type": "LineString", "coordinates": [ [ 43.1237049, 36.3295772 ], [ 43.1238697, 36.3293987 ], [ 43.1241581, 36.3297008 ], [ 43.124062, 36.3298382 ], [ 43.1237049, 36.3295772 ] ] } },
{ "type": "Feature", "properties": { "fid": 14, "id": 1, "SpatialID": "43.135_36.345" }, "geometry": { "type": "LineString", "coordinates": [ [ 43.126383, 36.3293438 ], [ 43.1260534, 36.3292202 ], [ 43.1263143, 36.3288905 ], [ 43.1266164, 36.3290828 ], [ 43.126383, 36.3293438 ] ] } },
{ "type": "Feature", "properties": { "fid": 15, "id": 1, "SpatialID": "43.135_36.345" }, "geometry": { "type": "LineString", "coordinates": [ [ 43.1280585, 36.3287395 ], [ 43.1283881, 36.3289867 ], [ 43.1282233, 36.3292888 ], [ 43.1280173, 36.3291103 ], [ 43.1281271, 36.3289592 ], [ 43.1279623, 36.328918 ], [ 43.1280585, 36.3287395 ] ] } },
{ "type": "Feature", "properties": { "fid": 16, "id": 1, "SpatialID": "43.135_36.345" }, "geometry": { "type": "LineString", "coordinates": [ [ 43.1269598, 36.3297832 ], [ 43.126534, 36.3294948 ], [ 43.1267538, 36.3293026 ], [ 43.1269598, 36.3294262 ], [ 43.1273581, 36.3291103 ], [ 43.1275229, 36.3292339 ], [ 43.1269598, 36.3297832 ] ] } },
{ "type": "Feature", "properties": { "fid": 17, "id": 1, "SpatialID": "43.135_36.345" }, "geometry": { "type": "LineString", "coordinates": [ [ 43.1276877, 36.3298794 ], [ 43.1274542, 36.3296871 ], [ 43.1277701, 36.3292888 ], [ 43.1279486, 36.3294124 ], [ 43.1276877, 36.3298794 ] ] } },
{ "type": "Feature", "properties": { "fid": 18, "id": 1, "SpatialID": "43.135_36.345" }, "geometry": { "type": "LineString", "coordinates": [ [ 43.1276053, 36.3300854 ], [ 43.1278525, 36.3300991 ], [ 43.1281409, 36.3295498 ], [ 43.1283743, 36.3296322 ], [ 43.1280585, 36.33036 ], [ 43.1275641, 36.3303051 ], [ 43.1276053, 36.3300854 ] ] } },
{ "type": "Feature", "properties": { "fid": 20, "id": 1, "SpatialID": "43.135_36.345" }, "geometry": { "type": "LineString", "coordinates": [ [ 43.1193986, 36.3319639 ], [ 43.1197667, 36.33161 ], [ 43.119979, 36.331794 ], [ 43.1196109, 36.3321904 ], [ 43.1193986, 36.3319639 ] ] } },
{ "type": "Feature", "properties": { "fid": 22, "id": 1, "SpatialID": "43.135_36.345" }, "geometry": { "type": "LineString", "coordinates": [ [ 43.1212956, 36.3318365 ], [ 43.1214513, 36.3320063 ], [ 43.1209841, 36.3323602 ], [ 43.1208001, 36.3321904 ], [ 43.1212956, 36.3318365 ] ] } },
{ "type": "Feature", "properties": { "fid": 24, "id": 1, "SpatialID": "43.135_36.345" }, "geometry": { "type": "LineString", "coordinates": [ [ 43.1187049, 36.3325443 ], [ 43.1190305, 36.3322895 ], [ 43.1192712, 36.3324735 ], [ 43.1189739, 36.3327425 ], [ 43.1187049, 36.3325443 ] ] } },
{ "type": "Feature", "properties": { "fid": 26, "id": 1, "SpatialID": "43.135_36.345" }, "geometry": { "type": "LineString", "coordinates": [ [ 43.1203485, 36.3344872 ], [ 43.120345, 36.3344975 ], [ 43.1201673, 36.3344975 ], [ 43.1201211, 36.3345044 ], [ 43.1201164, 36.3344243 ], [ 43.1201079, 36.3343879 ], [ 43.1211243, 36.3343417 ], [ 43.1211854, 36.3343289 ], [ 43.1211865, 36.3344359 ], [ 43.1211639, 36.3344232 ], [ 43.1211049, 36.3344107 ], [ 43.1205384, 36.334378 ], [ 43.1204809, 36.3343831 ], [ 43.1204272, 36.3344043 ], [ 43.1203818, 36.33444 ], [ 43.1203485, 36.3344872 ] ] } },
{ "type": "Feature", "properties": { "fid": 27, "id": 1, "SpatialID": "43.135_36.345" }, "geometry": { "type": "LineString", "coordinates": [ [ 43.1196771, 36.3342073 ], [ 43.1196771, 36.333717 ], [ 43.1192958, 36.3337279 ], [ 43.1193284, 36.3334229 ], [ 43.1197642, 36.3334447 ], [ 43.120516, 36.3330633 ], [ 43.1208428, 36.3328237 ], [ 43.1210498, 36.3333139 ], [ 43.1211152, 36.3341419 ], [ 43.1196771, 36.3342073 ] ] } },
{ "type": "Feature", "properties": { "fid": 28, "id": 1, "SpatialID": "43.135_36.345" }, "geometry": { "type": "LineString", "coordinates": [ [ 43.1228702, 36.333683 ], [ 43.1226807, 36.3338409 ], [ 43.1224176, 36.3334199 ], [ 43.122586, 36.3332725 ], [ 43.1228702, 36.333683 ] ] } },
{ "type": "Feature", "properties": { "fid": 29, "id": 1, "SpatialID": "43.135_36.345" }, "geometry": { "type": "LineString", "coordinates": [ [ 43.1224661, 36.3345777 ], [ 43.1213875, 36.3345341 ], [ 43.1213766, 36.3334882 ], [ 43.1211479, 36.3330525 ], [ 43.1214856, 36.3327038 ], [ 43.1223245, 36.3337388 ], [ 43.1224661, 36.3341855 ], [ 43.1224661, 36.3345777 ] ] } },
{ "type": "Feature", "properties": { "fid": 30, "id": 1, "SpatialID": "43.135_36.345" }, "geometry": { "type": "LineString", "coordinates": [ [ 43.1195463, 36.3354602 ], [ 43.1194156, 36.3354711 ], [ 43.1193938, 36.3348065 ], [ 43.1189144, 36.334752 ], [ 43.1189362, 36.3343053 ], [ 43.1195245, 36.3343053 ], [ 43.1195463, 36.3354602 ] ] } },
{ "type": "Feature", "properties": { "fid": 31, "id": 1, "SpatialID": "43.135_36.345" }, "geometry": { "type": "LineString", "coordinates": [ [ 43.1210934, 36.3346104 ], [ 43.1210934, 36.3351987 ], [ 43.1203961, 36.3359395 ], [ 43.1202654, 36.3358197 ], [ 43.119993, 36.3359178 ], [ 43.1198296, 36.3357761 ], [ 43.1198078, 36.3355691 ], [ 43.1197315, 36.3349481 ], [ 43.1197642, 36.3344143 ], [ 43.1199168, 36.3344361 ], [ 43.1199385, 36.3348065 ], [ 43.1201564, 36.3348065 ], [ 43.1201673, 36.3346975 ], [ 43.1205051, 36.3346975 ], [ 43.1205269, 36.3345777 ], [ 43.1210934, 36.3346104 ] ] } },
{ "type": "Feature", "properties": { "fid": 32, "id": 1, "SpatialID": "43.135_36.345" }, "geometry": { "type": "LineString", "coordinates": [ [ 43.1255273, 36.3349445 ], [ 43.1255937, 36.3349237 ], [ 43.125649, 36.3348814 ], [ 43.1256864, 36.3348228 ], [ 43.1257015, 36.3347548 ], [ 43.1257225, 36.3342706 ], [ 43.1257146, 36.3342057 ], [ 43.1256862, 36.3341468 ], [ 43.1256403, 36.3341002 ], [ 43.1255818, 36.3340709 ], [ 43.125517, 36.334062 ], [ 43.1251486, 36.3340725 ], [ 43.1250866, 36.3340843 ], [ 43.1250314, 36.3341147 ], [ 43.1249884, 36.3341608 ], [ 43.1249619, 36.334218 ], [ 43.1249545, 36.3342806 ], [ 43.1249755, 36.3347964 ], [ 43.1249891, 36.334861 ], [ 43.1250229, 36.3349177 ], [ 43.1250734, 36.3349603 ], [ 43.125135, 36.3349841 ], [ 43.125201, 36.3349866 ], [ 43.1255273, 36.3349445 ] ] } },
{ "type": "Feature", "properties": { "fid": 33, "id": 1, "SpatialID": "43.135_36.345" }, "geometry": { "type": "LineString", "coordinates": [ [ 43.1251543, 36.3342725 ], [ 43.1255227, 36.3342619 ], [ 43.1255017, 36.3347461 ], [ 43.1251754, 36.3347882 ], [ 43.1251543, 36.3342725 ] ] } },
{ "type": "Feature", "properties": { "fid": 34, "id": 1, "SpatialID": "43.135_36.345" }, "geometry": { "type": "LineString", "coordinates": [ [ 43.1193599, 36.3373399 ], [ 43.1193641, 36.3372749 ], [ 43.1193471, 36.337212 ], [ 43.1193109, 36.3371579 ], [ 43.1192592, 36.3371183 ], [ 43.1187486, 36.3368459 ], [ 43.1186916, 36.3368259 ], [ 43.1186313, 36.3368238 ], [ 43.1185731, 36.3368397 ], [ 43.1185222, 36.3368723 ], [ 43.1184835, 36.3369186 ], [ 43.1182738, 36.337264 ], [ 43.1180126, 36.3371878 ], [ 43.117946, 36.3371801 ], [ 43.1178806, 36.3371949 ], [ 43.1178237, 36.3372304 ], [ 43.1177818, 36.3372827 ], [ 43.1176116, 36.3375891 ], [ 43.1175896, 36.3376508 ], [ 43.1175887, 36.3377163 ], [ 43.117609, 36.3377786 ], [ 43.1176484, 36.337831 ], [ 43.1177026, 36.3378678 ], [ 43.11771, 36.3378712 ], [ 43.1174847, 36.3382038 ], [ 43.1174565, 36.3382663 ], [ 43.1174511, 36.3383347 ], [ 43.1174691, 36.3384008 ], [ 43.1175085, 36.338457 ], [ 43.1175644, 36.3384966 ], [ 43.1182452, 36.33882 ], [ 43.1183008, 36.3388371 ], [ 43.118359, 36.3388374 ], [ 43.1184148, 36.338821 ], [ 43.1184635, 36.3387892 ], [ 43.118501, 36.3387448 ], [ 43.119335, 36.3374002 ], [ 43.1193599, 36.3373399 ] ] } },
{ "type": "Feature", "properties": { "fid": 35, "id": 1, "SpatialID": "43.135_36.345" }, "geometry": { "type": "LineString", "coordinates": [ [ 43.1183311, 36.3386393 ], [ 43.1176502, 36.338316 ], [ 43.1180077, 36.3377883 ], [ 43.1177864, 36.3376862 ], [ 43.1179566, 36.3373798 ], [ 43.1183651, 36.337499 ], [ 43.1186544, 36.3370224 ], [ 43.1191651, 36.3372947 ], [ 43.1183311, 36.3386393 ] ] } },
{ "type": "Feature", "properties": { "fid": 37, "id": 1, "SpatialID": "43.135_36.345" }, "geometry": { "type": "LineString", "coordinates": [ [ 43.118111, 36.3440522 ], [ 43.1177086, 36.3437801 ], [ 43.1179453, 36.3434961 ], [ 43.1181228, 36.3436144 ], [ 43.1183476, 36.3434132 ], [ 43.1185961, 36.3434842 ], [ 43.1185133, 36.3436854 ], [ 43.1183121, 36.3437446 ], [ 43.118111, 36.3440522 ] ] } },
{ "type": "Feature", "properties": { "fid": 38, "id": 1, "SpatialID": "43.135_36.345" }, "geometry": { "type": "LineString", "coordinates": [ [ 43.115768, 36.3442747 ], [ 43.1159791, 36.3438773 ], [ 43.1162523, 36.3438897 ], [ 43.1155444, 36.3453304 ], [ 43.1143273, 36.3449206 ], [ 43.1144266, 36.3447219 ], [ 43.1145881, 36.3447591 ], [ 43.1147371, 36.3444735 ], [ 43.1151097, 36.344548 ], [ 43.1152712, 36.344312 ], [ 43.1153084, 36.3441505 ], [ 43.115768, 36.3442747 ] ] } },
{ "type": "Feature", "properties": { "fid": 40, "id": 1, "SpatialID": "43.135_36.345" }, "geometry": { "type": "LineString", "coordinates": [ [ 43.1211207, 36.3516566 ], [ 43.1207725, 36.3518059 ], [ 43.1207179, 36.3518407 ], [ 43.1206773, 36.3518911 ], [ 43.1205298, 36.3521513 ], [ 43.1205063, 36.3522182 ], [ 43.1205077, 36.352289 ], [ 43.1205336, 36.352355 ], [ 43.1209673, 36.3530576 ], [ 43.1210117, 36.353108 ], [ 43.1210703, 36.3531409 ], [ 43.1211365, 36.3531525 ], [ 43.1212027, 36.3531416 ], [ 43.1221829, 36.3528033 ], [ 43.1222421, 36.3527707 ], [ 43.1222872, 36.3527203 ], [ 43.1223128, 36.3526578 ], [ 43.1223162, 36.3525902 ], [ 43.1222968, 36.3525254 ], [ 43.1218198, 36.3515626 ], [ 43.1217851, 36.3515132 ], [ 43.1217372, 36.3514764 ], [ 43.1216806, 36.3514555 ], [ 43.1216203, 36.3514525 ], [ 43.1215618, 36.3514676 ], [ 43.1214939, 36.3514967 ], [ 43.1217648, 36.3510505 ], [ 43.1217882, 36.3509938 ], [ 43.1217933, 36.3509327 ], [ 43.1217797, 36.3508728 ], [ 43.1217485, 36.35082 ], [ 43.1217028, 36.350779 ], [ 43.1215629, 36.3506881 ], [ 43.1216353, 36.3504284 ], [ 43.1216424, 36.3503667 ], [ 43.1216304, 36.3503058 ], [ 43.1216002, 36.3502515 ], [ 43.1215548, 36.3502091 ], [ 43.1214986, 36.3501827 ], [ 43.121183, 36.3500907 ], [ 43.1211135, 36.3500831 ], [ 43.1210457, 36.3500999 ], [ 43.1209878, 36.3501391 ], [ 43.1209804, 36.3501493 ], [ 43.1209518, 36.3501019 ], [ 43.1209061, 36.3500616 ], [ 43.1205773, 36.3498512 ], [ 43.1205163, 36.3498252 ], [ 43.12045, 36.3498206 ], [ 43.1203859, 36.349838 ], [ 43.1203311, 36.3498754 ], [ 43.1202915, 36.3499287 ], [ 43.1201402, 36.3502245 ], [ 43.1201202, 36.3502881 ], [ 43.1201222, 36.3503547 ], [ 43.1201459, 36.350417 ], [ 43.1201888, 36.350468 ], [ 43.1202461, 36.3505021 ], [ 43.1202749, 36.3505132 ], [ 43.1202525, 36.3505841 ], [ 43.1202433, 36.350641 ], [ 43.1202507, 36.3506983 ], [ 43.1202741, 36.350751 ], [ 43.1203116, 36.3507949 ], [ 43.1203601, 36.3508262 ], [ 43.1205902, 36.3509314 ], [ 43.1205916, 36.3509318 ], [ 43.1204867, 36.3511491 ], [ 43.1204684, 36.3512102 ], [ 43.1204704, 36.351274 ], [ 43.1204924, 36.3513339 ], [ 43.1205321, 36.3513839 ], [ 43.1205856, 36.3514188 ], [ 43.1211207, 36.3516566 ] ] } },
{ "type": "Feature", "properties": { "fid": 42, "id": 1, "SpatialID": "43.135_36.345" }, "geometry": { "type": "LineString", "coordinates": [ [ 43.1206668, 36.351236 ], [ 43.121127, 36.3502827 ], [ 43.1214426, 36.3503747 ], [ 43.1213308, 36.3507758 ], [ 43.1215938, 36.3509467 ], [ 43.1212585, 36.351499 ], [ 43.1206668, 36.351236 ] ] } },
{ "type": "Feature", "properties": { "fid": 43, "id": 1, "SpatialID": "43.135_36.345" }, "geometry": { "type": "LineString", "coordinates": [ [ 43.1211375, 36.3529525 ], [ 43.1207038, 36.3522499 ], [ 43.1208513, 36.3519897 ], [ 43.1216406, 36.3516514 ], [ 43.1221176, 36.3526142 ], [ 43.1211375, 36.3529525 ] ] } },
{ "type": "Feature", "properties": { "fid": 44, "id": 1, "SpatialID": "43.135_36.345" }, "geometry": { "type": "LineString", "coordinates": [ [ 43.1172907, 36.3568595 ], [ 43.1173123, 36.3569138 ], [ 43.1174872, 36.357216 ], [ 43.1175242, 36.3572624 ], [ 43.1175732, 36.3572958 ], [ 43.1176299, 36.3573134 ], [ 43.1176892, 36.3573137 ], [ 43.117746, 36.3572965 ], [ 43.1186843, 36.3568512 ], [ 43.1187346, 36.3568171 ], [ 43.1187723, 36.3567696 ], [ 43.118794, 36.3567129 ], [ 43.1187977, 36.3566524 ], [ 43.1187831, 36.3565935 ], [ 43.1187516, 36.3565417 ], [ 43.1184971, 36.3562395 ], [ 43.1184441, 36.3561951 ], [ 43.1183791, 36.3561714 ], [ 43.11831, 36.3561713 ], [ 43.118282, 36.3561813 ], [ 43.1181776, 36.3560588 ], [ 43.1186645, 36.3557883 ], [ 43.1187045, 36.355846 ], [ 43.1187452, 36.3558893 ], [ 43.1187968, 36.3559187 ], [ 43.1188092, 36.3559215 ], [ 43.118797, 36.3559685 ], [ 43.1188017, 36.3560334 ], [ 43.118827, 36.3560934 ], [ 43.1190179, 36.3563956 ], [ 43.1190559, 36.3564398 ], [ 43.119105, 36.3564712 ], [ 43.1191611, 36.3564871 ], [ 43.1192195, 36.3564861 ], [ 43.119275, 36.3564684 ], [ 43.1193231, 36.3564354 ], [ 43.1194798, 36.3562898 ], [ 43.1198834, 36.3563288 ], [ 43.119944, 36.3563254 ], [ 43.1200008, 36.356304 ], [ 43.1211299, 36.3556679 ], [ 43.1211765, 36.3556316 ], [ 43.1212105, 36.3555833 ], [ 43.1212289, 36.3555272 ], [ 43.1212301, 36.3554682 ], [ 43.121214, 36.3554113 ], [ 43.1209914, 36.3549183 ], [ 43.120955, 36.3548639 ], [ 43.120903, 36.3548241 ], [ 43.1208409, 36.3548032 ], [ 43.1207754, 36.3548035 ], [ 43.1207136, 36.354825 ], [ 43.1198628, 36.3552876 ], [ 43.1198637, 36.355284 ], [ 43.1198573, 36.3552193 ], [ 43.1198305, 36.3551601 ], [ 43.1195442, 36.3547307 ], [ 43.119504, 36.3546864 ], [ 43.1194524, 36.354656 ], [ 43.1193941, 36.3546423 ], [ 43.1193344, 36.3546464 ], [ 43.1192786, 36.354668 ], [ 43.118528, 36.3550969 ], [ 43.1184928, 36.3550577 ], [ 43.1184399, 36.3550159 ], [ 43.1183761, 36.3549941 ], [ 43.1183087, 36.3549947 ], [ 43.1182453, 36.3550176 ], [ 43.1174342, 36.3554788 ], [ 43.117385, 36.3555182 ], [ 43.1173505, 36.3555709 ], [ 43.1173342, 36.3556318 ], [ 43.1173375, 36.3556947 ], [ 43.1173603, 36.3557535 ], [ 43.1173739, 36.3557767 ], [ 43.1170295, 36.355992 ], [ 43.1169807, 36.3560349 ], [ 43.1169482, 36.3560913 ], [ 43.1169356, 36.356155 ], [ 43.116944, 36.3562195 ], [ 43.1169727, 36.3562778 ], [ 43.1171318, 36.3565005 ], [ 43.1171763, 36.3565455 ], [ 43.1172327, 36.3565744 ], [ 43.1172952, 36.3565842 ], [ 43.1173578, 36.356574 ], [ 43.1173811, 36.3565662 ], [ 43.117408, 36.3566225 ], [ 43.1173677, 36.3566519 ], [ 43.117326, 36.3566928 ], [ 43.1172978, 36.356744 ], [ 43.1172857, 36.3568012 ], [ 43.1172907, 36.3568595 ] ] } },
{ "type": "Feature", "properties": { "fid": 45, "id": 1, "SpatialID": "43.135_36.345" }, "geometry": { "type": "LineString", "coordinates": [ [ 43.1199026, 36.3561298 ], [ 43.1194096, 36.3560821 ], [ 43.119187, 36.3562888 ], [ 43.1189961, 36.3559866 ], [ 43.1208091, 36.3550006 ], [ 43.1210317, 36.3554936 ], [ 43.1199026, 36.3561298 ] ] } },
{ "type": "Feature", "properties": { "fid": 46, "id": 1, "SpatialID": "43.135_36.345" }, "geometry": { "type": "LineString", "coordinates": [ [ 43.117867, 36.3560025 ], [ 43.1182328, 36.3564319 ], [ 43.1183441, 36.3563683 ], [ 43.1185986, 36.3566705 ], [ 43.1176603, 36.3571158 ], [ 43.1174853, 36.3568136 ], [ 43.1176603, 36.3566864 ], [ 43.1174853, 36.3563206 ], [ 43.1172945, 36.3563842 ], [ 43.1171355, 36.3561616 ], [ 43.1176444, 36.3558435 ], [ 43.1175331, 36.3556527 ], [ 43.1183441, 36.3551915 ], [ 43.1184872, 36.3553505 ], [ 43.1193778, 36.3548416 ], [ 43.1196641, 36.355271 ], [ 43.1188689, 36.3557322 ], [ 43.1187258, 36.3555255 ], [ 43.117867, 36.3560025 ] ] } },
{ "type": "Feature", "properties": { "fid": 47, "id": 1, "SpatialID": "43.135_36.345" }, "geometry": { "type": "LineString", "coordinates": [ [ 43.1152778, 36.3578083 ], [ 43.1152152, 36.3577914 ], [ 43.1151505, 36.3577955 ], [ 43.1150905, 36.3578201 ], [ 43.1148837, 36.3579473 ], [ 43.1148375, 36.3579866 ], [ 43.1148052, 36.3580379 ], [ 43.1147897, 36.3580965 ], [ 43.1147925, 36.3581571 ], [ 43.1148133, 36.358214 ], [ 43.1149882, 36.3585321 ], [ 43.1150235, 36.3585786 ], [ 43.1150707, 36.3586129 ], [ 43.1151258, 36.3586321 ], [ 43.1151841, 36.3586347 ], [ 43.1152407, 36.3586202 ], [ 43.1152906, 36.3585901 ], [ 43.115561, 36.3583675 ], [ 43.1156052, 36.3583162 ], [ 43.1156298, 36.358253 ], [ 43.1156319, 36.3581853 ], [ 43.1156113, 36.3581208 ], [ 43.1155703, 36.3580669 ], [ 43.1153318, 36.3578442 ], [ 43.1152778, 36.3578083 ] ] } },
{ "type": "Feature", "properties": { "fid": 48, "id": 1, "SpatialID": "43.135_36.345" }, "geometry": { "type": "LineString", "coordinates": [ [ 43.1154338, 36.3582131 ], [ 43.1151635, 36.3584357 ], [ 43.1149886, 36.3581177 ], [ 43.1151953, 36.3579904 ], [ 43.1154338, 36.3582131 ] ] } },
{ "type": "Feature", "properties": { "fid": 50, "id": 1, "SpatialID": "43.135_36.345" }, "geometry": { "type": "LineString", "coordinates": [ [ 43.1325231, 36.3151686 ], [ 43.1321753, 36.3151081 ], [ 43.1325231, 36.3141101 ], [ 43.1328406, 36.3141706 ], [ 43.1325231, 36.3151686 ] ] } },
{ "type": "Feature", "properties": { "fid": 52, "id": 1, "SpatialID": "43.135_36.345" }, "geometry": { "type": "LineString", "coordinates": [ [ 43.1331587, 36.3172567 ], [ 43.1331587, 36.3168412 ], [ 43.1333118, 36.3165569 ], [ 43.1333227, 36.3164038 ], [ 43.1334867, 36.3164038 ], [ 43.1335305, 36.3162725 ], [ 43.1336617, 36.3162725 ], [ 43.1336945, 36.3161741 ], [ 43.1342194, 36.3162179 ], [ 43.1341975, 36.3164256 ], [ 43.1340554, 36.3166225 ], [ 43.1339351, 36.3168631 ], [ 43.1338695, 36.3170927 ], [ 43.1338148, 36.3172239 ], [ 43.1337383, 36.3174864 ], [ 43.1336726, 36.3176723 ], [ 43.1336508, 36.3179566 ], [ 43.1330493, 36.3178691 ], [ 43.1331587, 36.3172567 ] ] } },
{ "type": "Feature", "properties": { "fid": 53, "id": 1, "SpatialID": "43.135_36.345" }, "geometry": { "type": "LineString", "coordinates": [ [ 43.1334002, 36.3141554 ], [ 43.1333851, 36.3138832 ], [ 43.1340958, 36.313974 ], [ 43.1340807, 36.3142915 ], [ 43.1334002, 36.3141554 ] ] } },
{ "type": "Feature", "properties": { "fid": 54, "id": 1, "SpatialID": "43.135_36.345" }, "geometry": { "type": "LineString", "coordinates": [ [ 43.1335086, 36.3148947 ], [ 43.1342741, 36.3149822 ], [ 43.1344819, 36.3140745 ], [ 43.1351927, 36.3141511 ], [ 43.1348646, 36.315682 ], [ 43.1334211, 36.3154524 ], [ 43.1335086, 36.3148947 ] ] } },
{ "type": "Feature", "properties": { "fid": 55, "id": 1, "SpatialID": "43.135_36.345" }, "geometry": { "type": "LineString", "coordinates": [ [ 43.1344436, 36.316076 ], [ 43.1330372, 36.3158491 ], [ 43.133007, 36.3156525 ], [ 43.134489, 36.3158945 ], [ 43.1344436, 36.316076 ] ] } },
{ "type": "Feature", "properties": { "fid": 57, "id": 1, "SpatialID": "43.135_36.345" }, "geometry": { "type": "LineString", "coordinates": [ [ 43.1358651, 36.316575 ], [ 43.1360919, 36.3159701 ], [ 43.1365759, 36.3161062 ], [ 43.1364851, 36.3166053 ], [ 43.1358651, 36.316575 ] ] } },
{ "type": "Feature", "properties": { "fid": 59, "id": 1, "SpatialID": "43.135_36.345" }, "geometry": { "type": "LineString", "coordinates": [ [ 43.1348065, 36.3180116 ], [ 43.1347914, 36.3176941 ], [ 43.1354568, 36.3176789 ], [ 43.1354719, 36.3180872 ], [ 43.1348065, 36.3180116 ] ] } },
{ "type": "Feature", "properties": { "fid": 60, "id": 1, "SpatialID": "43.135_36.345" }, "geometry": { "type": "LineString", "coordinates": [ [ 43.1344587, 36.3187224 ], [ 43.1344739, 36.3183141 ], [ 43.1348973, 36.3183141 ], [ 43.1349427, 36.3187677 ], [ 43.1344587, 36.3187224 ] ] } },
{ "type": "Feature", "properties": { "fid": 61, "id": 1, "SpatialID": "43.135_36.345" }, "geometry": { "type": "LineString", "coordinates": [ [ 43.136056, 36.3207032 ], [ 43.1360282, 36.3206461 ], [ 43.1359838, 36.3206005 ], [ 43.1359273, 36.3205712 ], [ 43.1358646, 36.3205611 ], [ 43.1356093, 36.3205611 ], [ 43.1356065, 36.3205335 ], [ 43.1355878, 36.3204674 ], [ 43.1355478, 36.3204115 ], [ 43.1354914, 36.3203725 ], [ 43.135425, 36.3203548 ], [ 43.1347752, 36.3202977 ], [ 43.1347149, 36.3203015 ], [ 43.1346586, 36.3203232 ], [ 43.1346113, 36.3203606 ], [ 43.1345773, 36.3204105 ], [ 43.1345597, 36.3204683 ], [ 43.1344812, 36.321011 ], [ 43.1344818, 36.3210724 ], [ 43.134501, 36.3211306 ], [ 43.1345369, 36.3211803 ], [ 43.1345863, 36.3212168 ], [ 43.1346443, 36.3212366 ], [ 43.1352514, 36.3213437 ], [ 43.135323, 36.3213433 ], [ 43.1358943, 36.3212362 ], [ 43.1359577, 36.3212127 ], [ 43.1360097, 36.3211693 ], [ 43.1360442, 36.3211112 ], [ 43.1360574, 36.3210448 ], [ 43.1360645, 36.3207663 ], [ 43.136056, 36.3207032 ] ] } },
{ "type": "Feature", "properties": { "fid": 62, "id": 1, "SpatialID": "43.135_36.345" }, "geometry": { "type": "LineString", "coordinates": [ [ 43.1358646, 36.3207611 ], [ 43.1358574, 36.3210397 ], [ 43.1352861, 36.3211468 ], [ 43.1346791, 36.3210397 ], [ 43.1347576, 36.3204969 ], [ 43.1354075, 36.320554 ], [ 43.1354289, 36.3207611 ], [ 43.1358646, 36.3207611 ] ] } },
{ "type": "Feature", "properties": { "fid": 63, "id": 1, "SpatialID": "43.135_36.345" }, "geometry": { "type": "LineString", "coordinates": [ [ 43.1293901, 36.3210189 ], [ 43.1293961, 36.3209613 ], [ 43.1293854, 36.3209044 ], [ 43.1293589, 36.3208529 ], [ 43.1293187, 36.3208113 ], [ 43.1288987, 36.3204861 ], [ 43.1288389, 36.3204543 ], [ 43.128772, 36.3204443 ], [ 43.1287056, 36.3204571 ], [ 43.1286473, 36.3204914 ], [ 43.1282137, 36.3208572 ], [ 43.1281744, 36.3209018 ], [ 43.1281501, 36.320956 ], [ 43.1281427, 36.321015 ], [ 43.128153, 36.3210736 ], [ 43.12818, 36.3211265 ], [ 43.1282214, 36.3211691 ], [ 43.1287905, 36.3216027 ], [ 43.1288498, 36.3216338 ], [ 43.128916, 36.3216436 ], [ 43.1289818, 36.321631 ], [ 43.1290397, 36.3215974 ], [ 43.1290832, 36.3215465 ], [ 43.1293678, 36.3210723 ], [ 43.1293901, 36.3210189 ] ] } },
{ "type": "Feature", "properties": { "fid": 64, "id": 1, "SpatialID": "43.135_36.345" }, "geometry": { "type": "LineString", "coordinates": [ [ 43.1289117, 36.3214436 ], [ 43.1283426, 36.32101 ], [ 43.1287762, 36.3206442 ], [ 43.1291963, 36.3209694 ], [ 43.1289117, 36.3214436 ] ] } },
{ "type": "Feature", "properties": { "fid": 65, "id": 1, "SpatialID": "43.135_36.345" }, "geometry": { "type": "LineString", "coordinates": [ [ 43.1348217, 36.3228647 ], [ 43.1348744, 36.32284 ], [ 43.1349178, 36.3228012 ], [ 43.1349481, 36.3227515 ], [ 43.1349629, 36.3226952 ], [ 43.1349968, 36.3223901 ], [ 43.1349942, 36.322329 ], [ 43.1349732, 36.3222715 ], [ 43.1349358, 36.3222231 ], [ 43.1348856, 36.3221882 ], [ 43.1348271, 36.3221702 ], [ 43.1344013, 36.3221075 ], [ 43.1348601, 36.32216 ], [ 43.1349193, 36.3221579 ], [ 43.1349753, 36.3221386 ], [ 43.1350232, 36.3221037 ], [ 43.1350588, 36.3220563 ], [ 43.1350789, 36.3220006 ], [ 43.1350818, 36.3219414 ], [ 43.1350479, 36.3216024 ], [ 43.1350341, 36.321547 ], [ 43.1350053, 36.3214977 ], [ 43.1349637, 36.3214585 ], [ 43.1349127, 36.3214328 ], [ 43.1348566, 36.3214224 ], [ 43.1344159, 36.3214055 ], [ 43.1343556, 36.3214124 ], [ 43.1343001, 36.3214371 ], [ 43.1342546, 36.3214772 ], [ 43.1342233, 36.3215292 ], [ 43.1341046, 36.3218173 ], [ 43.1340902, 36.321877 ], [ 43.1340946, 36.3219381 ], [ 43.1341173, 36.3219951 ], [ 43.1341562, 36.3220426 ], [ 43.1342077, 36.322076 ], [ 43.1342429, 36.3220856 ], [ 43.1341843, 36.3220868 ], [ 43.1341218, 36.3221101 ], [ 43.1340705, 36.3221525 ], [ 43.1340359, 36.3222095 ], [ 43.134022, 36.3222746 ], [ 43.134005, 36.3226644 ], [ 43.1340126, 36.3227283 ], [ 43.13404, 36.3227864 ], [ 43.1340845, 36.3228329 ], [ 43.1341414, 36.3228628 ], [ 43.1342048, 36.3228731 ], [ 43.1347641, 36.3228731 ], [ 43.1348217, 36.3228647 ] ] } },
{ "type": "Feature", "properties": { "fid": 66, "id": 1, "SpatialID": "43.135_36.345" }, "geometry": { "type": "LineString", "coordinates": [ [ 43.1348489, 36.3216223 ], [ 43.1348828, 36.3219613 ], [ 43.1342896, 36.3218935 ], [ 43.1344082, 36.3216053 ], [ 43.1348489, 36.3216223 ] ] } },
{ "type": "Feature", "properties": { "fid": 67, "id": 1, "SpatialID": "43.135_36.345" }, "geometry": { "type": "LineString", "coordinates": [ [ 43.1342218, 36.3222833 ], [ 43.134798, 36.322368 ], [ 43.1347641, 36.3226731 ], [ 43.1342048, 36.3226731 ], [ 43.1342218, 36.3222833 ] ] } },
{ "type": "Feature", "properties": { "fid": 68, "id": 1, "SpatialID": "43.135_36.345" }, "geometry": { "type": "LineString", "coordinates": [ [ 43.1365402, 36.32236 ], [ 43.1365272, 36.3222967 ], [ 43.1364946, 36.3222408 ], [ 43.1364459, 36.3221982 ], [ 43.1363862, 36.3221734 ], [ 43.1362522, 36.3221418 ], [ 43.1362522, 36.3220799 ], [ 43.1362416, 36.3220156 ], [ 43.1362109, 36.3219581 ], [ 43.1361632, 36.3219135 ], [ 43.1361038, 36.3218867 ], [ 43.1360389, 36.3218804 ], [ 43.1355305, 36.3219143 ], [ 43.1354653, 36.3219298 ], [ 43.135409, 36.321966 ], [ 43.1353678, 36.3220188 ], [ 43.1353463, 36.3220822 ], [ 43.1352785, 36.3225059 ], [ 43.1352791, 36.322573 ], [ 43.1353019, 36.322636 ], [ 43.1353442, 36.322688 ], [ 43.1354014, 36.3227231 ], [ 43.1354669, 36.3227373 ], [ 43.1356612, 36.3227462 ], [ 43.1356662, 36.322822 ], [ 43.1356797, 36.3228818 ], [ 43.1357105, 36.3229348 ], [ 43.135756, 36.3229759 ], [ 43.1358118, 36.3230013 ], [ 43.1358727, 36.3230086 ], [ 43.1363642, 36.3229916 ], [ 43.1364258, 36.3229797 ], [ 43.1364807, 36.3229491 ], [ 43.1365234, 36.3229031 ], [ 43.1365498, 36.3228461 ], [ 43.1365572, 36.3227838 ], [ 43.1365402, 36.32236 ] ] } },
{ "type": "Feature", "properties": { "fid": 69, "id": 1, "SpatialID": "43.135_36.345" }, "geometry": { "type": "LineString", "coordinates": [ [ 43.1358658, 36.3228087 ], [ 43.1358489, 36.3225545 ], [ 43.135476, 36.3225375 ], [ 43.1355438, 36.3221138 ], [ 43.1360522, 36.3220799 ], [ 43.1360522, 36.3223002 ], [ 43.1363404, 36.322368 ], [ 43.1363573, 36.3227918 ], [ 43.1358658, 36.3228087 ] ] } },
{ "type": "Feature", "properties": { "fid": 71, "id": 1, "SpatialID": "43.135_36.345" }, "geometry": { "type": "LineString", "coordinates": [ [ 43.1341728, 36.3235721 ], [ 43.1341201, 36.3233718 ], [ 43.1345629, 36.3232875 ], [ 43.1346156, 36.3236038 ], [ 43.1341728, 36.3235721 ] ] } },
{ "type": "Feature", "properties": { "fid": 72, "id": 1, "SpatialID": "43.135_36.345" }, "geometry": { "type": "LineString", "coordinates": [ [ 43.1353743, 36.3238256 ], [ 43.1350692, 36.3240629 ], [ 43.134815, 36.3238256 ], [ 43.135154, 36.3235884 ], [ 43.1353743, 36.3238256 ] ] } },
{ "type": "Feature", "properties": { "fid": 74, "id": 1, "SpatialID": "43.135_36.345" }, "geometry": { "type": "LineString", "coordinates": [ [ 43.1324227, 36.3240466 ], [ 43.1322223, 36.3242785 ], [ 43.1319377, 36.3240044 ], [ 43.1321169, 36.323783 ], [ 43.1324227, 36.3240466 ] ] } },
{ "type": "Feature", "properties": { "fid": 76, "id": 1, "SpatialID": "43.135_36.345" }, "geometry": { "type": "LineString", "coordinates": [ [ 43.1341096, 36.3242574 ], [ 43.133846, 36.3245737 ], [ 43.133614, 36.324384 ], [ 43.1338882, 36.3241204 ], [ 43.1341096, 36.3242574 ] ] } },
{ "type": "Feature", "properties": { "fid": 78, "id": 1, "SpatialID": "43.135_36.345" }, "geometry": { "type": "LineString", "coordinates": [ [ 43.1356963, 36.3241985 ], [ 43.1359505, 36.3243341 ], [ 43.135798, 36.3245205 ], [ 43.1354421, 36.3244019 ], [ 43.1356963, 36.3241985 ] ] } },
{ "type": "Feature", "properties": { "fid": 80, "id": 1, "SpatialID": "43.135_36.345" }, "geometry": { "type": "LineString", "coordinates": [ [ 43.1341709, 36.3251137 ], [ 43.1341709, 36.3248087 ], [ 43.1343913, 36.3247748 ], [ 43.1344082, 36.3252493 ], [ 43.1341709, 36.3251137 ] ] } },
{ "type": "Feature", "properties": { "fid": 82, "id": 1, "SpatialID": "43.135_36.345" }, "geometry": { "type": "LineString", "coordinates": [ [ 43.1349243, 36.3249201 ], [ 43.1351856, 36.3250123 ], [ 43.1351548, 36.3252121 ], [ 43.1348167, 36.3252274 ], [ 43.1349243, 36.3249201 ] ] } },
{ "type": "Feature", "properties": { "fid": 83, "id": 1, "SpatialID": "43.135_36.345" }, "geometry": { "type": "LineString", "coordinates": [ [ 43.1357849, 36.325458 ], [ 43.13537, 36.3253811 ], [ 43.1355237, 36.3250123 ], [ 43.1358464, 36.3251506 ], [ 43.1357849, 36.325458 ] ] } },
{ "type": "Feature", "properties": { "fid": 84, "id": 1, "SpatialID": "43.135_36.345" }, "geometry": { "type": "LineString", "coordinates": [ [ 43.1352163, 36.3259037 ], [ 43.1346784, 36.3257346 ], [ 43.1349397, 36.3254426 ], [ 43.1352778, 36.3255041 ], [ 43.1352163, 36.3259037 ] ] } },
{ "type": "Feature", "properties": { "fid": 85, "id": 1, "SpatialID": "43.135_36.345" }, "geometry": { "type": "LineString", "coordinates": [ [ 43.135539, 36.3255963 ], [ 43.1358618, 36.3256885 ], [ 43.1357849, 36.3262418 ], [ 43.1354468, 36.3261495 ], [ 43.135539, 36.3255963 ] ] } },
{ "type": "Feature", "properties": { "fid": 87, "id": 1, "SpatialID": "43.135_36.345" }, "geometry": { "type": "LineString", "coordinates": [ [ 43.1324421, 36.3260459 ], [ 43.1325438, 36.3255714 ], [ 43.1328489, 36.3255714 ], [ 43.1327472, 36.3260629 ], [ 43.1324421, 36.3260459 ] ] } },
{ "type": "Feature", "properties": { "fid": 89, "id": 1, "SpatialID": "43.135_36.345" }, "geometry": { "type": "LineString", "coordinates": [ [ 43.1343711, 36.3265491 ], [ 43.134494, 36.3261342 ], [ 43.1347553, 36.3261803 ], [ 43.1346938, 36.3266874 ], [ 43.1343711, 36.3265491 ] ] } },
{ "type": "Feature", "properties": { "fid": 90, "id": 1, "SpatialID": "43.135_36.345" }, "geometry": { "type": "LineString", "coordinates": [ [ 43.1239382, 36.3389523 ], [ 43.1239597, 36.3389439 ], [ 43.1239638, 36.3389551 ], [ 43.1239382, 36.3389523 ] ] } },
{ "type": "Feature", "properties": { "fid": 91, "id": 1, "SpatialID": "43.135_36.345" }, "geometry": { "type": "LineString", "coordinates": [ [ 43.1290756, 36.3325486 ], [ 43.129086, 36.3325887 ], [ 43.1291231, 36.332644 ], [ 43.1291808, 36.3327052 ], [ 43.1289625, 36.3326733 ], [ 43.1290756, 36.3325486 ] ] } },
{ "type": "Feature", "properties": { "fid": 92, "id": 1, "SpatialID": "43.135_36.345" }, "geometry": { "type": "LineString", "coordinates": [ [ 43.1375659, 36.3305155 ], [ 43.1375524, 36.3304864 ], [ 43.1376472, 36.3304883 ], [ 43.1376338, 36.330503 ], [ 43.1376196, 36.3305341 ], [ 43.1375843, 36.3305178 ], [ 43.1375659, 36.3305155 ] ] } },
{ "type": "Feature", "properties": { "fid": 94, "id": 1, "SpatialID": "43.135_36.345" }, "geometry": { "type": "LineString", "coordinates": [ [ 43.1371984, 36.3344122 ], [ 43.1372576, 36.3342622 ], [ 43.1372636, 36.3342359 ], [ 43.1372824, 36.3342294 ], [ 43.1372815, 36.3342343 ], [ 43.137286, 36.3342881 ], [ 43.1372943, 36.3343102 ], [ 43.1372733, 36.334321 ], [ 43.1372274, 36.3343693 ], [ 43.1371984, 36.3344122 ] ] } },
{ "type": "Feature", "properties": { "fid": 95, "id": 1, "SpatialID": "43.135_36.345" }, "geometry": { "type": "LineString", "coordinates": [ [ 43.1387752, 36.338425 ], [ 43.1386324, 36.3383404 ], [ 43.1387237, 36.3382144 ], [ 43.1387574, 36.3382185 ], [ 43.1388147, 36.3382087 ], [ 43.1388545, 36.3381889 ], [ 43.1387752, 36.338425 ] ] } },
{ "type": "Feature", "properties": { "fid": 97, "id": 1, "SpatialID": "43.135_36.345" }, "geometry": { "type": "LineString", "coordinates": [ [ 43.13616, 36.3422443 ], [ 43.1360519, 36.3417965 ], [ 43.1363668, 36.3417965 ], [ 43.136424, 36.3417882 ], [ 43.1364764, 36.3417638 ], [ 43.1365899, 36.3416895 ], [ 43.1365965, 36.3417181 ], [ 43.1366004, 36.3417247 ], [ 43.1363358, 36.3422691 ], [ 43.1363256, 36.3422941 ], [ 43.1362559, 36.3425065 ], [ 43.13616, 36.3422443 ] ] } },
{ "type": "Feature", "properties": { "fid": 98, "id": 1, "SpatialID": "43.135_36.345" }, "geometry": { "type": "LineString", "coordinates": [ [ 43.1338475, 36.3357633 ], [ 43.1340366, 36.3358731 ], [ 43.133986, 36.3358965 ], [ 43.1337527, 36.3360606 ], [ 43.1337088, 36.3361029 ], [ 43.1337002, 36.3361187 ], [ 43.1333771, 36.3361022 ], [ 43.1333506, 36.3361049 ], [ 43.1333168, 36.3359274 ], [ 43.1333168, 36.3353324 ], [ 43.1338213, 36.3357452 ], [ 43.1338475, 36.3357633 ] ] } },
{ "type": "Feature", "properties": { "fid": 99, "id": 1, "SpatialID": "43.135_36.345" }, "geometry": { "type": "LineString", "coordinates": [ [ 43.1320738, 36.3362156 ], [ 43.1320697, 36.3362335 ], [ 43.1320402, 36.3362169 ], [ 43.1320738, 36.3362156 ] ] } },
{ "type": "Feature", "properties": { "fid": 100, "id": 1, "SpatialID": "43.135_36.345" }, "geometry": { "type": "LineString", "coordinates": [ [ 43.1309018, 36.3356972 ], [ 43.1309108, 36.3356491 ], [ 43.1309279, 36.335691 ], [ 43.1309118, 36.3356927 ], [ 43.1309018, 36.3356972 ] ] } },
{ "type": "Feature", "properties": { "fid": 101, "id": 1, "SpatialID": "43.135_36.345" }, "geometry": { "type": "LineString", "coordinates": [ [ 43.1286997, 36.3357845 ], [ 43.1287296, 36.3358325 ], [ 43.1287716, 36.3358703 ], [ 43.1288226, 36.3358948 ], [ 43.1290417, 36.3359639 ], [ 43.1291014, 36.3359732 ], [ 43.1291357, 36.3359681 ], [ 43.129141, 36.335987 ], [ 43.1291408, 36.3359871 ], [ 43.1291101, 36.3360402 ], [ 43.1290217, 36.3362675 ], [ 43.1286906, 36.3357809 ], [ 43.128697, 36.3357746 ], [ 43.1286997, 36.3357845 ] ] } },
{ "type": "Feature", "properties": { "fid": 102, "id": 1, "SpatialID": "43.135_36.345" }, "geometry": { "type": "LineString", "coordinates": [ [ 43.1256407, 36.3360376 ], [ 43.1256025, 36.336078 ], [ 43.125536, 36.3359677 ], [ 43.1255091, 36.3359353 ], [ 43.125673, 36.3360137 ], [ 43.1256407, 36.3360376 ] ] } },
{ "type": "Feature", "properties": { "fid": 103, "id": 1, "SpatialID": "43.135_36.345" }, "geometry": { "type": "LineString", "coordinates": [ [ 43.1293053, 36.3376841 ], [ 43.1293208, 36.3377184 ], [ 43.1292863, 36.3377062 ], [ 43.1293053, 36.3376841 ] ] } },
{ "type": "Feature", "properties": { "fid": 104, "id": 1, "SpatialID": "43.135_36.345" }, "geometry": { "type": "LineString", "coordinates": [ [ 43.1284852, 36.3374579 ], [ 43.1281274, 36.3370132 ], [ 43.1281504, 36.336996 ], [ 43.1284045, 36.3367331 ], [ 43.1286614, 36.3367973 ], [ 43.1287317, 36.3368021 ], [ 43.1287993, 36.3367822 ], [ 43.1288306, 36.3367589 ], [ 43.1285756, 36.3374146 ], [ 43.1285624, 36.3374754 ], [ 43.1285684, 36.3375373 ], [ 43.1285796, 36.3375629 ], [ 43.1285686, 36.3375784 ], [ 43.1284786, 36.3377583 ], [ 43.1285174, 36.3376516 ], [ 43.1285294, 36.3375846 ], [ 43.1285183, 36.3375174 ], [ 43.1284852, 36.3374579 ] ] } },
{ "type": "Feature", "properties": { "fid": 105, "id": 1, "SpatialID": "43.135_36.345" }, "geometry": { "type": "LineString", "coordinates": [ [ 43.1265434, 36.3391463 ], [ 43.1265332, 36.3391432 ], [ 43.1265348, 36.3391379 ], [ 43.1265627, 36.3389702 ], [ 43.1266418, 36.338938 ], [ 43.1266662, 36.3389914 ], [ 43.1267066, 36.3390363 ], [ 43.1267586, 36.3390671 ], [ 43.1268025, 36.3390774 ], [ 43.1267642, 36.3392509 ], [ 43.1265434, 36.3391463 ] ] } },
{ "type": "Feature", "properties": { "fid": 106, "id": 1, "SpatialID": "43.135_36.345" }, "geometry": { "type": "LineString", "coordinates": [ [ 43.1223214, 36.3390076 ], [ 43.1224738, 36.339068 ], [ 43.1224651, 36.3391044 ], [ 43.1224631, 36.3391328 ], [ 43.1224396, 36.3391177 ], [ 43.122323, 36.339014 ], [ 43.1223214, 36.3390076 ] ] } },
{ "type": "Feature", "properties": { "fid": 107, "id": 1, "SpatialID": "43.135_36.345" }, "geometry": { "type": "LineString", "coordinates": [ [ 43.1250266, 36.3436683 ], [ 43.1250317, 36.3436687 ], [ 43.1250285, 36.3436905 ], [ 43.1250266, 36.3436683 ] ] } },
{ "type": "Feature", "properties": { "fid": 108, "id": 1, "SpatialID": "43.135_36.345" }, "geometry": { "type": "LineString", "coordinates": [ [ 43.1234808, 36.3456204 ], [ 43.123414, 36.3455965 ], [ 43.1234977, 36.3455473 ], [ 43.1234896, 36.3455716 ], [ 43.1234808, 36.3456204 ] ] } },
{ "type": "Feature", "properties": { "fid": 109, "id": 1, "SpatialID": "43.135_36.345" }, "geometry": { "type": "LineString", "coordinates": [ [ 43.1317949, 36.3416426 ], [ 43.1317407, 36.3417897 ], [ 43.1314938, 36.3415297 ], [ 43.1317875, 36.3416256 ], [ 43.131801, 36.3416279 ], [ 43.1317949, 36.3416426 ] ] } },
{ "type": "Feature", "properties": { "fid": 110, "id": 1, "SpatialID": "43.135_36.345" }, "geometry": { "type": "LineString", "coordinates": [ [ 43.1302713, 36.3422133 ], [ 43.130265, 36.3422186 ], [ 43.1302629, 36.3422083 ], [ 43.1302713, 36.3422133 ] ] } },
{ "type": "Feature", "properties": { "fid": 112, "id": 1, "SpatialID": "43.135_36.345" }, "geometry": { "type": "LineString", "coordinates": [ [ 43.131875, 36.3429118 ], [ 43.1318926, 36.3429368 ], [ 43.1318475, 36.3429126 ], [ 43.1318689, 36.3429137 ], [ 43.131875, 36.3429118 ] ] } },
{ "type": "Feature", "properties": { "fid": 113, "id": 1, "SpatialID": "43.135_36.345" }, "geometry": { "type": "LineString", "coordinates": [ [ 43.1333251, 36.3437269 ], [ 43.1333281, 36.3437258 ], [ 43.1333291, 36.3437286 ], [ 43.1333251, 36.3437269 ] ] } },
{ "type": "Feature", "properties": { "fid": 114, "id": 1, "SpatialID": "43.135_36.345" }, "geometry": { "type": "LineString", "coordinates": [ [ 43.1342064, 36.3441778 ], [ 43.134183, 36.3441858 ], [ 43.1341517, 36.3442099 ], [ 43.1341517, 36.3442055 ], [ 43.1341432, 36.3441476 ], [ 43.1341426, 36.3441464 ], [ 43.1342064, 36.3441778 ] ] } },
{ "type": "Feature", "properties": { "fid": 115, "id": 1, "SpatialID": "43.135_36.345" }, "geometry": { "type": "LineString", "coordinates": [ [ 43.1324651, 36.3446894 ], [ 43.1324859, 36.3447169 ], [ 43.1327127, 36.3449279 ], [ 43.1323967, 36.3448293 ], [ 43.1324651, 36.3446894 ] ] } },
{ "type": "Feature", "properties": { "fid": 116, "id": 1, "SpatialID": "43.135_36.345" }, "geometry": { "type": "LineString", "coordinates": [ [ 43.1287024, 36.3447063 ], [ 43.1286725, 36.3444676 ], [ 43.1289522, 36.3446 ], [ 43.1288988, 36.3450061 ], [ 43.1287024, 36.3447063 ] ] } },
{ "type": "Feature", "properties": { "fid": 117, "id": 1, "SpatialID": "43.135_36.345" }, "geometry": { "type": "LineString", "coordinates": [ [ 43.1241783, 36.3470886 ], [ 43.1238618, 36.3468959 ], [ 43.1238882, 36.3468809 ], [ 43.1239295, 36.3468363 ], [ 43.1241202, 36.3465549 ], [ 43.1241355, 36.3465232 ], [ 43.124382, 36.3466327 ], [ 43.1241783, 36.3470886 ] ] } },
{ "type": "Feature", "properties": { "fid": 118, "id": 1, "SpatialID": "43.135_36.345" }, "geometry": { "type": "LineString", "coordinates": [ [ 43.1300979, 36.3464825 ], [ 43.130088, 36.3464484 ], [ 43.1300771, 36.3464315 ], [ 43.1301168, 36.3464229 ], [ 43.1300979, 36.3464825 ] ] } },
{ "type": "Feature", "properties": { "fid": 119, "id": 1, "SpatialID": "43.135_36.345" }, "geometry": { "type": "LineString", "coordinates": [ [ 43.1310608, 36.3464589 ], [ 43.1310638, 36.3465218 ], [ 43.1310657, 36.346527 ], [ 43.1310636, 36.3465291 ], [ 43.1310455, 36.3465617 ], [ 43.1310172, 36.3465296 ], [ 43.1309669, 36.3464986 ], [ 43.1309141, 36.3464848 ], [ 43.1309159, 36.3464541 ], [ 43.130908, 36.3463748 ], [ 43.1311159, 36.3461669 ], [ 43.1310983, 36.3461961 ], [ 43.1310838, 36.3462517 ], [ 43.1310608, 36.3464589 ] ] } },
{ "type": "Feature", "properties": { "fid": 120, "id": 1, "SpatialID": "43.135_36.345" }, "geometry": { "type": "LineString", "coordinates": [ [ 43.1348602, 36.3460921 ], [ 43.1348774, 36.3460457 ], [ 43.1348778, 36.3460379 ], [ 43.134899, 36.3460507 ], [ 43.1348602, 36.3460921 ] ] } },
{ "type": "Feature", "properties": { "fid": 121, "id": 1, "SpatialID": "43.135_36.345" }, "geometry": { "type": "LineString", "coordinates": [ [ 43.1337171, 36.3469073 ], [ 43.1337354, 36.346935 ], [ 43.1336921, 36.3469217 ], [ 43.1336857, 36.3469219 ], [ 43.1337138, 36.3468949 ], [ 43.1337171, 36.3469073 ] ] } },
{ "type": "Feature", "properties": { "fid": 122, "id": 1, "SpatialID": "43.135_36.345" }, "geometry": { "type": "LineString", "coordinates": [ [ 43.1308008, 36.3475229 ], [ 43.130811, 36.347535 ], [ 43.1308447, 36.3475643 ], [ 43.1308167, 36.3475741 ], [ 43.1307684, 36.3476096 ], [ 43.1307583, 36.3476197 ], [ 43.1308008, 36.3475229 ] ] } },
{ "type": "Feature", "properties": { "fid": 123, "id": 1, "SpatialID": "43.135_36.345" }, "geometry": { "type": "LineString", "coordinates": [ [ 43.1249576, 36.3487904 ], [ 43.1249518, 36.3488495 ], [ 43.1249587, 36.3488834 ], [ 43.1245437, 36.3489008 ], [ 43.1248017, 36.3485568 ], [ 43.1248095, 36.3485716 ], [ 43.1248575, 36.3486165 ], [ 43.1249964, 36.3487092 ], [ 43.1249805, 36.3487355 ], [ 43.1249576, 36.3487904 ] ] } },
{ "type": "Feature", "properties": { "fid": 124, "id": 1, "SpatialID": "43.135_36.345" }, "geometry": { "type": "LineString", "coordinates": [ [ 43.1261856, 36.3487508 ], [ 43.126712, 36.3488309 ], [ 43.1267698, 36.3488313 ], [ 43.1268253, 36.3488151 ], [ 43.1268388, 36.3488063 ], [ 43.1268671, 36.3488503 ], [ 43.127169, 36.3491809 ], [ 43.1272291, 36.3492259 ], [ 43.1276146, 36.3494137 ], [ 43.1275246, 36.3495337 ], [ 43.1273312, 36.3493886 ], [ 43.1272731, 36.3493585 ], [ 43.1272084, 36.3493487 ], [ 43.127144, 36.3493603 ], [ 43.1270867, 36.3493921 ], [ 43.1270428, 36.3494407 ], [ 43.1267577, 36.3498855 ], [ 43.1266082, 36.3501099 ], [ 43.1263913, 36.3503376 ], [ 43.1263682, 36.3503669 ], [ 43.1261626, 36.3506846 ], [ 43.126026, 36.350625 ], [ 43.1260601, 36.3506042 ], [ 43.1261022, 36.3505538 ], [ 43.1262967, 36.3502219 ], [ 43.1263198, 36.3501624 ], [ 43.1263229, 36.3500986 ], [ 43.1263058, 36.3500371 ], [ 43.1262702, 36.3499841 ], [ 43.1262197, 36.3499451 ], [ 43.1261594, 36.3499239 ], [ 43.1257115, 36.3498436 ], [ 43.1257212, 36.349829 ], [ 43.126053, 36.349131 ], [ 43.1260702, 36.349075 ], [ 43.1260703, 36.3490311 ], [ 43.1260725, 36.3490301 ], [ 43.1261174, 36.3489904 ], [ 43.1261485, 36.3489392 ], [ 43.126163, 36.348881 ], [ 43.1261758, 36.3487476 ], [ 43.1261856, 36.3487508 ] ] } },
{ "type": "Feature", "properties": { "fid": 125, "id": 1, "SpatialID": "43.135_36.345" }, "geometry": { "type": "LineString", "coordinates": [ [ 43.1370073, 36.3433974 ], [ 43.1372994, 36.3436962 ], [ 43.1366386, 36.3438686 ], [ 43.13658, 36.3438945 ], [ 43.1365392, 36.3439316 ], [ 43.1364687, 36.3435441 ], [ 43.1364483, 36.3434856 ], [ 43.136411, 36.3434362 ], [ 43.1363753, 36.343411 ], [ 43.1363892, 36.3433747 ], [ 43.136393, 36.3433148 ], [ 43.1363789, 36.3432566 ], [ 43.1363739, 36.3432482 ], [ 43.1363795, 36.3432303 ], [ 43.1363795, 36.3431688 ], [ 43.1363654, 36.3430785 ], [ 43.1363819, 36.3430777 ], [ 43.1364377, 36.3430578 ], [ 43.136905, 36.3428075 ], [ 43.1368901, 36.3428296 ], [ 43.136873, 36.3428923 ], [ 43.1368769, 36.3429572 ], [ 43.1369553, 36.3433019 ], [ 43.1369747, 36.3433532 ], [ 43.1370073, 36.3433974 ] ] } },
{ "type": "Feature", "properties": { "fid": 126, "id": 1, "SpatialID": "43.135_36.345" }, "geometry": { "type": "LineString", "coordinates": [ [ 43.1271301, 36.3405279 ], [ 43.1270822, 36.3405414 ], [ 43.1270801, 36.3405335 ], [ 43.1270438, 36.3404785 ], [ 43.1270402, 36.3404757 ], [ 43.127061, 36.3404742 ], [ 43.1271165, 36.3404526 ], [ 43.1271467, 36.3404286 ], [ 43.1271383, 36.3404536 ], [ 43.1271281, 36.3405117 ], [ 43.1271301, 36.3405279 ] ] } },
{ "type": "Feature", "properties": { "fid": 127, "id": 1, "SpatialID": "43.135_36.345" }, "geometry": { "type": "LineString", "coordinates": [ [ 43.1283239, 36.3405264 ], [ 43.1283833, 36.3406623 ], [ 43.1283664, 36.3408996 ], [ 43.1283716, 36.3409612 ], [ 43.1283954, 36.3410183 ], [ 43.1285198, 36.3412214 ], [ 43.1281274, 36.3410399 ], [ 43.1280702, 36.3410232 ], [ 43.1280105, 36.3410241 ], [ 43.1279538, 36.3410426 ], [ 43.127905, 36.341077 ], [ 43.1278686, 36.3411243 ], [ 43.1277958, 36.3412554 ], [ 43.1277827, 36.3412928 ], [ 43.1277776, 36.3412863 ], [ 43.1277131, 36.3412332 ], [ 43.1274626, 36.3411034 ], [ 43.1275228, 36.3408801 ], [ 43.1275292, 36.3408154 ], [ 43.1275146, 36.340752 ], [ 43.1274805, 36.3406967 ], [ 43.127476, 36.3406931 ], [ 43.1278644, 36.3406219 ], [ 43.1279274, 36.340599 ], [ 43.1279485, 36.3405817 ], [ 43.1280335, 36.3406209 ], [ 43.1280877, 36.3406371 ], [ 43.1281443, 36.3406375 ], [ 43.1281987, 36.340622 ], [ 43.1282466, 36.3405919 ], [ 43.1283239, 36.3405264 ] ] } },
{ "type": "Feature", "properties": { "fid": 128, "id": 1, "SpatialID": "43.135_36.345" }, "geometry": { "type": "LineString", "coordinates": [ [ 43.1250933, 36.3449067 ], [ 43.1253073, 36.3444724 ], [ 43.1255096, 36.3445129 ], [ 43.1255079, 36.3445382 ], [ 43.1254555, 36.3445733 ], [ 43.1254166, 36.3446233 ], [ 43.1252585, 36.3449107 ], [ 43.125249, 36.3449369 ], [ 43.1250933, 36.3449067 ] ] } },
{ "type": "Feature", "properties": { "fid": 129, "id": 1, "SpatialID": "43.135_36.345" }, "geometry": { "type": "LineString", "coordinates": [ [ 43.123894, 36.3387576 ], [ 43.1204662, 36.3371596 ], [ 43.1215548, 36.3355036 ], [ 43.1229444, 36.335631 ], [ 43.1229444, 36.3358278 ], [ 43.1236277, 36.3358278 ], [ 43.1236508, 36.3357004 ], [ 43.1251215, 36.3358047 ], [ 43.123894, 36.3387576 ] ] } },
{ "type": "Feature", "properties": { "fid": 130, "id": 1, "SpatialID": "43.135_36.345" }, "geometry": { "type": "LineString", "coordinates": [ [ 43.1194567, 36.3390317 ], [ 43.1195929, 36.3388211 ], [ 43.1191223, 36.3385363 ], [ 43.1200635, 36.3372979 ], [ 43.1219334, 36.3381029 ], [ 43.1215991, 36.3385239 ], [ 43.1204845, 36.3382019 ], [ 43.1196672, 36.3390936 ], [ 43.1194567, 36.3390317 ] ] } },
{ "type": "Feature", "properties": { "fid": 131, "id": 1, "SpatialID": "43.135_36.345" }, "geometry": { "type": "LineString", "coordinates": [ [ 43.1218404, 36.3383217 ], [ 43.1222793, 36.3382924 ], [ 43.1222696, 36.3383997 ], [ 43.1217721, 36.3387606 ], [ 43.1218404, 36.3383217 ] ] } },
{ "type": "Feature", "properties": { "fid": 132, "id": 1, "SpatialID": "43.135_36.345" }, "geometry": { "type": "LineString", "coordinates": [ [ 43.1236447, 36.3390922 ], [ 43.1234497, 36.3391605 ], [ 43.1231864, 36.3390922 ], [ 43.1230205, 36.339219 ], [ 43.1226597, 36.3391507 ], [ 43.1227084, 36.3389459 ], [ 43.1221428, 36.3387216 ], [ 43.1224451, 36.3384192 ], [ 43.1237325, 36.3390142 ], [ 43.1236447, 36.3390922 ] ] } },
{ "type": "Feature", "properties": { "fid": 133, "id": 1, "SpatialID": "43.135_36.345" }, "geometry": { "type": "LineString", "coordinates": [ [ 43.1205446, 36.3391951 ], [ 43.1200854, 36.33894 ], [ 43.1205127, 36.3383852 ], [ 43.1209718, 36.338551 ], [ 43.1215331, 36.3387359 ], [ 43.1213928, 36.3393928 ], [ 43.1213098, 36.3394693 ], [ 43.1207231, 36.3392716 ], [ 43.1205446, 36.3391951 ] ] } },
{ "type": "Feature", "properties": { "fid": 134, "id": 1, "SpatialID": "43.135_36.345" }, "geometry": { "type": "LineString", "coordinates": [ [ 43.1209433, 36.3401761 ], [ 43.120444, 36.3399557 ], [ 43.120068, 36.3397677 ], [ 43.1196335, 36.3394954 ], [ 43.1199577, 36.3390739 ], [ 43.1204505, 36.3394046 ], [ 43.121222, 36.3396574 ], [ 43.1209433, 36.3401761 ] ] } },
{ "type": "Feature", "properties": { "fid": 135, "id": 1, "SpatialID": "43.135_36.345" }, "geometry": { "type": "LineString", "coordinates": [ [ 43.1225914, 36.339453 ], [ 43.1228157, 36.3394726 ], [ 43.1230693, 36.3394433 ], [ 43.1231766, 36.3394433 ], [ 43.1231278, 36.3393263 ], [ 43.1231668, 36.3392092 ], [ 43.1234984, 36.3393263 ], [ 43.1239373, 36.3391507 ], [ 43.1236935, 36.3394628 ], [ 43.1236545, 36.3402821 ], [ 43.1234302, 36.3406429 ], [ 43.1227182, 36.3404284 ], [ 43.1224841, 36.3407112 ], [ 43.1211675, 36.3402528 ], [ 43.1214991, 36.3396188 ], [ 43.1218112, 36.3388679 ], [ 43.1221038, 36.3389556 ], [ 43.1221428, 36.3391214 ], [ 43.1223183, 36.3392775 ], [ 43.1225914, 36.339453 ] ] } },
{ "type": "Feature", "properties": { "fid": 136, "id": 1, "SpatialID": "43.135_36.345" }, "geometry": { "type": "LineString", "coordinates": [ [ 43.1210835, 36.3408021 ], [ 43.1212872, 36.340967 ], [ 43.1213745, 36.3414422 ], [ 43.1213939, 36.3416653 ], [ 43.1205404, 36.341675 ], [ 43.1204919, 36.3414713 ], [ 43.120327, 36.3411125 ], [ 43.1200361, 36.3404142 ], [ 43.1197936, 36.339842 ], [ 43.12023, 36.3400553 ], [ 43.1206665, 36.3405112 ], [ 43.1210835, 36.3408021 ] ] } },
{ "type": "Feature", "properties": { "fid": 137, "id": 1, "SpatialID": "43.135_36.345" }, "geometry": { "type": "LineString", "coordinates": [ [ 43.1228681, 36.3405985 ], [ 43.1233142, 36.3408215 ], [ 43.1231881, 36.3410058 ], [ 43.1227517, 36.3407924 ], [ 43.1228681, 36.3405985 ] ] } },
{ "type": "Feature", "properties": { "fid": 138, "id": 1, "SpatialID": "43.135_36.345" }, "geometry": { "type": "LineString", "coordinates": [ [ 43.1216698, 36.3409962 ], [ 43.1207253, 36.3402966 ], [ 43.1230922, 36.3411128 ], [ 43.1229523, 36.341346 ], [ 43.1216698, 36.3409962 ] ] } },
{ "type": "Feature", "properties": { "fid": 139, "id": 1, "SpatialID": "43.135_36.345" }, "geometry": { "type": "LineString", "coordinates": [ [ 43.1213549, 36.3410078 ], [ 43.1220895, 36.3413226 ], [ 43.1230106, 36.3414626 ], [ 43.1229873, 36.3417307 ], [ 43.1215648, 36.3417074 ], [ 43.1215298, 36.3414043 ], [ 43.1214132, 36.3412061 ], [ 43.1213549, 36.3410078 ] ] } },
{ "type": "Feature", "properties": { "fid": 140, "id": 1, "SpatialID": "43.135_36.345" }, "geometry": { "type": "LineString", "coordinates": [ [ 43.1228124, 36.3424303 ], [ 43.1218796, 36.3424187 ], [ 43.1214832, 36.3421155 ], [ 43.1211451, 36.3418473 ], [ 43.122929, 36.3419523 ], [ 43.1229057, 36.3422904 ], [ 43.1228124, 36.3424303 ] ] } },
{ "type": "Feature", "properties": { "fid": 141, "id": 1, "SpatialID": "43.135_36.345" }, "geometry": { "type": "LineString", "coordinates": [ [ 43.1233398, 36.3425882 ], [ 43.1229451, 36.3425613 ], [ 43.1230796, 36.342337 ], [ 43.1231873, 36.3419512 ], [ 43.1237256, 36.3422563 ], [ 43.1234385, 36.3425164 ], [ 43.1233398, 36.3425882 ] ] } },
{ "type": "Feature", "properties": { "fid": 142, "id": 1, "SpatialID": "43.135_36.345" }, "geometry": { "type": "LineString", "coordinates": [ [ 43.1215291, 36.3424738 ], [ 43.1214089, 36.342634 ], [ 43.1212887, 36.3426981 ], [ 43.1209602, 36.3426901 ], [ 43.1211445, 36.3425298 ], [ 43.1211926, 36.3421933 ], [ 43.1215291, 36.3424738 ] ] } },
{ "type": "Feature", "properties": { "fid": 143, "id": 1, "SpatialID": "43.135_36.345" }, "geometry": { "type": "LineString", "coordinates": [ [ 43.1208133, 36.342645 ], [ 43.120612, 36.3425814 ], [ 43.1203366, 36.3428674 ], [ 43.12004, 36.3427297 ], [ 43.120379, 36.3421577 ], [ 43.1209298, 36.3422001 ], [ 43.1209086, 36.3424014 ], [ 43.1208133, 36.342645 ] ] } },
{ "type": "Feature", "properties": { "fid": 144, "id": 1, "SpatialID": "43.135_36.345" }, "geometry": { "type": "LineString", "coordinates": [ [ 43.1222854, 36.3430752 ], [ 43.122356, 36.3435341 ], [ 43.1219236, 36.3439135 ], [ 43.1215883, 36.3437812 ], [ 43.1222854, 36.3430752 ] ] } },
{ "type": "Feature", "properties": { "fid": 145, "id": 1, "SpatialID": "43.135_36.345" }, "geometry": { "type": "LineString", "coordinates": [ [ 43.1234834, 36.3427766 ], [ 43.123609, 36.3430368 ], [ 43.1234385, 36.3431534 ], [ 43.1233309, 36.3430637 ], [ 43.1230348, 36.343297 ], [ 43.1231066, 36.3435841 ], [ 43.1236269, 36.3442659 ], [ 43.1234923, 36.3443556 ], [ 43.1225234, 36.3436289 ], [ 43.1224427, 36.3430009 ], [ 43.1227118, 36.3428843 ], [ 43.1228554, 36.3426869 ], [ 43.1231604, 36.3427587 ], [ 43.1234834, 36.3427766 ] ] } },
{ "type": "Feature", "properties": { "fid": 146, "id": 1, "SpatialID": "43.135_36.345" }, "geometry": { "type": "LineString", "coordinates": [ [ 43.1209882, 36.3437635 ], [ 43.1211559, 36.3435164 ], [ 43.121403, 36.3436223 ], [ 43.1212441, 36.3438782 ], [ 43.1209882, 36.3437635 ] ] } },
{ "type": "Feature", "properties": { "fid": 147, "id": 1, "SpatialID": "43.135_36.345" }, "geometry": { "type": "LineString", "coordinates": [ [ 43.1208647, 36.3446107 ], [ 43.1199293, 36.3443018 ], [ 43.119841, 36.3445577 ], [ 43.1191527, 36.3443018 ], [ 43.1195322, 36.3436047 ], [ 43.1197528, 36.343587 ], [ 43.1198587, 36.3436929 ], [ 43.1204676, 36.3434988 ], [ 43.1205999, 36.3435252 ], [ 43.1207764, 36.3440282 ], [ 43.1208558, 36.3438959 ], [ 43.1211471, 36.3439841 ], [ 43.1210765, 36.3441606 ], [ 43.1212618, 36.3441959 ], [ 43.1214647, 36.3439753 ], [ 43.1219501, 36.3442312 ], [ 43.1221707, 36.3441077 ], [ 43.1228061, 36.3445665 ], [ 43.1210235, 36.3443548 ], [ 43.1208647, 36.3446107 ] ] } },
{ "type": "Feature", "properties": { "fid": 148, "id": 1, "SpatialID": "43.135_36.345" }, "geometry": { "type": "LineString", "coordinates": [ [ 43.1225413, 36.3437635 ], [ 43.1233488, 36.3444454 ], [ 43.1231514, 36.3446607 ], [ 43.1223171, 36.3439609 ], [ 43.1225413, 36.3437635 ] ] } },
{ "type": "Feature", "properties": { "fid": 149, "id": 1, "SpatialID": "43.135_36.345" }, "geometry": { "type": "LineString", "coordinates": [ [ 43.120093, 36.3445199 ], [ 43.1206756, 36.3448271 ], [ 43.1203684, 36.3450601 ], [ 43.1199235, 36.3448588 ], [ 43.120093, 36.3445199 ] ] } },
{ "type": "Feature", "properties": { "fid": 150, "id": 1, "SpatialID": "43.135_36.345" }, "geometry": { "type": "LineString", "coordinates": [ [ 43.1226027, 36.3447395 ], [ 43.1241696, 36.3449207 ], [ 43.1228266, 36.3457095 ], [ 43.1226986, 36.3454004 ], [ 43.1229758, 36.3451659 ], [ 43.1226027, 36.3447395 ] ] } },
{ "type": "Feature", "properties": { "fid": 151, "id": 1, "SpatialID": "43.135_36.345" }, "geometry": { "type": "LineString", "coordinates": [ [ 43.1223789, 36.3453791 ], [ 43.122688, 36.3457948 ], [ 43.1219205, 36.3462744 ], [ 43.1218033, 36.3461572 ], [ 43.1219312, 36.3459227 ], [ 43.1209825, 36.3447502 ], [ 43.121249, 36.3445157 ], [ 43.1222083, 36.3446223 ], [ 43.122688, 36.3451765 ], [ 43.1223789, 36.3453791 ] ] } },
{ "type": "Feature", "properties": { "fid": 152, "id": 1, "SpatialID": "43.135_36.345" }, "geometry": { "type": "LineString", "coordinates": [ [ 43.1211223, 36.3462067 ], [ 43.1208682, 36.3459707 ], [ 43.1210134, 36.3457256 ], [ 43.1205504, 36.3452445 ], [ 43.1208409, 36.3449086 ], [ 43.1217396, 36.3459344 ], [ 43.1211223, 36.3462067 ] ] } },
{ "type": "Feature", "properties": { "fid": 153, "id": 1, "SpatialID": "43.135_36.345" }, "geometry": { "type": "LineString", "coordinates": [ [ 43.1208137, 36.3458073 ], [ 43.1206775, 36.3460161 ], [ 43.1210951, 36.3464427 ], [ 43.1215308, 36.3462067 ], [ 43.1217578, 36.3463883 ], [ 43.1210316, 36.3468058 ], [ 43.1204143, 36.3464427 ], [ 43.1197516, 36.3460252 ], [ 43.1199059, 36.3457528 ], [ 43.1203326, 36.3453443 ], [ 43.1204778, 36.3455713 ], [ 43.1205686, 36.3454805 ], [ 43.1208137, 36.3458073 ] ] } },
{ "type": "Feature", "properties": { "fid": 154, "id": 1, "SpatialID": "43.135_36.345" }, "geometry": { "type": "LineString", "coordinates": [ [ 43.1238184, 36.3463247 ], [ 43.1239546, 36.3464427 ], [ 43.1237639, 36.3467241 ], [ 43.1233645, 36.346479 ], [ 43.1232465, 36.3465789 ], [ 43.1227382, 36.3462703 ], [ 43.1226292, 36.3460887 ], [ 43.1232828, 36.3457619 ], [ 43.1237639, 36.3459344 ], [ 43.1237186, 36.3460615 ], [ 43.1239001, 36.3461704 ], [ 43.1238184, 36.3463247 ] ] } },
{ "type": "Feature", "properties": { "fid": 155, "id": 1, "SpatialID": "43.135_36.345" }, "geometry": { "type": "LineString", "coordinates": [ [ 43.1220846, 36.3467786 ], [ 43.1218758, 36.3468149 ], [ 43.1217033, 36.3466424 ], [ 43.1224658, 36.3462249 ], [ 43.1230831, 36.3467423 ], [ 43.1226383, 36.3471145 ], [ 43.1220846, 36.3467786 ] ] } },
{ "type": "Feature", "properties": { "fid": 156, "id": 1, "SpatialID": "43.135_36.345" }, "geometry": { "type": "LineString", "coordinates": [ [ 43.1203144, 36.3472234 ], [ 43.1192069, 36.3465426 ], [ 43.1195337, 36.3461159 ], [ 43.1199331, 36.3464427 ], [ 43.1211859, 36.3471236 ], [ 43.1211314, 36.3472234 ], [ 43.1205414, 36.3469511 ], [ 43.1203144, 36.3472234 ] ] } },
{ "type": "Feature", "properties": { "fid": 157, "id": 1, "SpatialID": "43.135_36.345" }, "geometry": { "type": "LineString", "coordinates": [ [ 43.1231648, 36.3479406 ], [ 43.1225021, 36.3475593 ], [ 43.1229197, 36.3471508 ], [ 43.1233736, 36.346706 ], [ 43.1236005, 36.3469511 ], [ 43.1233282, 36.3474322 ], [ 43.1231648, 36.3479406 ] ] } },
{ "type": "Feature", "properties": { "fid": 158, "id": 1, "SpatialID": "43.135_36.345" }, "geometry": { "type": "LineString", "coordinates": [ [ 43.122015, 36.3481301 ], [ 43.1215341, 36.347929 ], [ 43.1217614, 36.3477016 ], [ 43.1219712, 36.347553 ], [ 43.122863, 36.3480601 ], [ 43.1227494, 36.3482262 ], [ 43.1222073, 36.3479115 ], [ 43.122015, 36.3481301 ] ] } },
{ "type": "Feature", "properties": { "fid": 159, "id": 1, "SpatialID": "43.135_36.345" }, "geometry": { "type": "LineString", "coordinates": [ [ 43.122627, 36.3487596 ], [ 43.1223647, 36.3485672 ], [ 43.1226882, 36.3484098 ], [ 43.1228456, 36.3483836 ], [ 43.1229854, 36.3481126 ], [ 43.1235363, 36.3484448 ], [ 43.1232827, 36.3487158 ], [ 43.1230117, 36.3485672 ], [ 43.122627, 36.3487596 ] ] } },
{ "type": "Feature", "properties": { "fid": 160, "id": 1, "SpatialID": "43.135_36.345" }, "geometry": { "type": "LineString", "coordinates": [ [ 43.1211232, 36.349188 ], [ 43.1204762, 36.3487071 ], [ 43.121062, 36.3482262 ], [ 43.1215778, 36.3486896 ], [ 43.1211232, 36.349188 ] ] } },
{ "type": "Feature", "properties": { "fid": 161, "id": 1, "SpatialID": "43.135_36.345" }, "geometry": { "type": "LineString", "coordinates": [ [ 43.1231166, 36.3490656 ], [ 43.122968, 36.3489869 ], [ 43.1225395, 36.3493016 ], [ 43.1218401, 36.3487683 ], [ 43.1219887, 36.3486197 ], [ 43.1225133, 36.3490306 ], [ 43.122968, 36.3487071 ], [ 43.1232565, 36.3488907 ], [ 43.1231166, 36.3490656 ] ] } },
{ "type": "Feature", "properties": { "fid": 162, "id": 1, "SpatialID": "43.135_36.345" }, "geometry": { "type": "LineString", "coordinates": [ [ 43.1229505, 36.3493716 ], [ 43.1232128, 36.349153 ], [ 43.1234751, 36.3493191 ], [ 43.123204, 36.3495552 ], [ 43.1229505, 36.3493716 ] ] } },
{ "type": "Feature", "properties": { "fid": 163, "id": 1, "SpatialID": "43.135_36.345" }, "geometry": { "type": "LineString", "coordinates": [ [ 43.1234751, 36.3499399 ], [ 43.123239, 36.3501585 ], [ 43.1230029, 36.3499748 ], [ 43.1233177, 36.3497825 ], [ 43.1234751, 36.3499399 ] ] } },
{ "type": "Feature", "properties": { "fid": 164, "id": 1, "SpatialID": "43.135_36.345" }, "geometry": { "type": "LineString", "coordinates": [ [ 43.1258359, 36.3314985 ], [ 43.1258359, 36.3309228 ], [ 43.1259473, 36.3299015 ], [ 43.1273958, 36.3308857 ], [ 43.1269315, 36.3315914 ], [ 43.1271172, 36.3317214 ], [ 43.1270244, 36.3319071 ], [ 43.1259288, 36.3315171 ], [ 43.1258359, 36.3314985 ] ] } },
{ "type": "Feature", "properties": { "fid": 165, "id": 1, "SpatialID": "43.135_36.345" }, "geometry": { "type": "LineString", "coordinates": [ [ 43.1260402, 36.3317956 ], [ 43.1268944, 36.3320556 ], [ 43.1265416, 36.3327427 ], [ 43.1263744, 36.3327056 ], [ 43.1262259, 36.3327984 ], [ 43.1257245, 36.3327984 ], [ 43.1256688, 36.3333741 ], [ 43.1254645, 36.3333741 ], [ 43.1257059, 36.3319071 ], [ 43.1258916, 36.3319256 ], [ 43.1260402, 36.3317956 ] ] } },
{ "type": "Feature", "properties": { "fid": 166, "id": 1, "SpatialID": "43.135_36.345" }, "geometry": { "type": "LineString", "coordinates": [ [ 43.1265442, 36.333543 ], [ 43.1265442, 36.3331577 ], [ 43.1266833, 36.3331363 ], [ 43.1268439, 36.3338105 ], [ 43.1257844, 36.3339068 ], [ 43.1258058, 36.3336607 ], [ 43.1265442, 36.333543 ] ] } },
{ "type": "Feature", "properties": { "fid": 167, "id": 1, "SpatialID": "43.135_36.345" }, "geometry": { "type": "LineString", "coordinates": [ [ 43.125966, 36.334874 ], [ 43.1263234, 36.3345857 ], [ 43.1266001, 36.3348394 ], [ 43.1263119, 36.3351391 ], [ 43.1261274, 36.3353466 ], [ 43.1263234, 36.3354965 ], [ 43.1258507, 36.335877 ], [ 43.1255855, 36.3357502 ], [ 43.1259199, 36.3351622 ], [ 43.125966, 36.334874 ] ] } },
{ "type": "Feature", "properties": { "fid": 168, "id": 1, "SpatialID": "43.135_36.345" }, "geometry": { "type": "LineString", "coordinates": [ [ 43.1266637, 36.3355292 ], [ 43.1264758, 36.3353414 ], [ 43.1266989, 36.3350127 ], [ 43.1274972, 36.3349774 ], [ 43.1275794, 36.3350948 ], [ 43.1272742, 36.3354705 ], [ 43.1277555, 36.3359166 ], [ 43.1272859, 36.3362219 ], [ 43.1271802, 36.3361162 ], [ 43.1268046, 36.3364097 ], [ 43.1260884, 36.3368441 ], [ 43.1257597, 36.3361984 ], [ 43.1266637, 36.3355292 ] ] } },
{ "type": "Feature", "properties": { "fid": 169, "id": 1, "SpatialID": "43.135_36.345" }, "geometry": { "type": "LineString", "coordinates": [ [ 43.12511, 36.3365458 ], [ 43.1253647, 36.336071 ], [ 43.1258048, 36.3368006 ], [ 43.1261638, 36.3373564 ], [ 43.1263491, 36.337588 ], [ 43.1264533, 36.3379007 ], [ 43.1267659, 36.3380744 ], [ 43.1269512, 36.3380628 ], [ 43.1269976, 36.3381902 ], [ 43.1266849, 36.3384681 ], [ 43.1266965, 36.3386997 ], [ 43.1263838, 36.3388271 ], [ 43.1263375, 36.3391051 ], [ 43.1262448, 36.3393135 ], [ 43.126129, 36.3394872 ], [ 43.1259669, 36.3397883 ], [ 43.1255269, 36.3395914 ], [ 43.1241488, 36.338885 ], [ 43.12511, 36.3365458 ] ] } },
{ "type": "Feature", "properties": { "fid": 170, "id": 1, "SpatialID": "43.135_36.345" }, "geometry": { "type": "LineString", "coordinates": [ [ 43.1261084, 36.3399385 ], [ 43.1264578, 36.3393271 ], [ 43.1267897, 36.3394843 ], [ 43.1266412, 36.3398075 ], [ 43.1268771, 36.3398599 ], [ 43.1268421, 36.3402355 ], [ 43.1261084, 36.3399385 ] ] } },
{ "type": "Feature", "properties": { "fid": 171, "id": 1, "SpatialID": "43.135_36.345" }, "geometry": { "type": "LineString", "coordinates": [ [ 43.1252887, 36.3408274 ], [ 43.1242995, 36.3403559 ], [ 43.1242718, 36.3400785 ], [ 43.1240684, 36.3393389 ], [ 43.1241701, 36.3392834 ], [ 43.1244104, 36.3393667 ], [ 43.1250853, 36.339681 ], [ 43.1247895, 36.3400785 ], [ 43.1252517, 36.3402912 ], [ 43.1254829, 36.3400138 ], [ 43.1259174, 36.340134 ], [ 43.125751, 36.3405685 ], [ 43.1256678, 36.3406517 ], [ 43.1252887, 36.3408274 ] ] } },
{ "type": "Feature", "properties": { "fid": 172, "id": 1, "SpatialID": "43.135_36.345" }, "geometry": { "type": "LineString", "coordinates": [ [ 43.123865, 36.3403374 ], [ 43.1238835, 36.3394499 ], [ 43.1239297, 36.3394868 ], [ 43.1241238, 36.3404114 ], [ 43.1253719, 36.3410493 ], [ 43.1251593, 36.3412989 ], [ 43.1249466, 36.3412434 ], [ 43.124734, 36.3412712 ], [ 43.1244567, 36.3413821 ], [ 43.1235044, 36.3410308 ], [ 43.1237818, 36.3404391 ], [ 43.123865, 36.3403374 ] ] } },
{ "type": "Feature", "properties": { "fid": 173, "id": 1, "SpatialID": "43.135_36.345" }, "geometry": { "type": "LineString", "coordinates": [ [ 43.126204, 36.3402449 ], [ 43.1268974, 36.3406147 ], [ 43.1265738, 36.341114 ], [ 43.1260561, 36.3404668 ], [ 43.126204, 36.3402449 ] ] } },
{ "type": "Feature", "properties": { "fid": 174, "id": 1, "SpatialID": "43.135_36.345" }, "geometry": { "type": "LineString", "coordinates": [ [ 43.1256358, 36.3418282 ], [ 43.1256836, 36.3409968 ], [ 43.1258843, 36.3406433 ], [ 43.1264863, 36.3413504 ], [ 43.1261327, 36.3419046 ], [ 43.1259034, 36.342134 ], [ 43.1256358, 36.3418282 ] ] } },
{ "type": "Feature", "properties": { "fid": 175, "id": 1, "SpatialID": "43.135_36.345" }, "geometry": { "type": "LineString", "coordinates": [ [ 43.1243282, 36.3415092 ], [ 43.1243049, 36.3419523 ], [ 43.1236403, 36.3419406 ], [ 43.1232205, 36.3418707 ], [ 43.1231739, 36.3415442 ], [ 43.1233954, 36.3411944 ], [ 43.1243282, 36.3415092 ] ] } },
{ "type": "Feature", "properties": { "fid": 176, "id": 1, "SpatialID": "43.135_36.345" }, "geometry": { "type": "LineString", "coordinates": [ [ 43.1251963, 36.3423251 ], [ 43.124986, 36.3423729 ], [ 43.1244891, 36.3419811 ], [ 43.1245082, 36.3416371 ], [ 43.1249096, 36.3414364 ], [ 43.125072, 36.3414268 ], [ 43.1254065, 36.3414268 ], [ 43.1254352, 36.3419237 ], [ 43.1251963, 36.3423251 ] ] } },
{ "type": "Feature", "properties": { "fid": 177, "id": 1, "SpatialID": "43.135_36.345" }, "geometry": { "type": "LineString", "coordinates": [ [ 43.125502, 36.3421396 ], [ 43.1257263, 36.3422563 ], [ 43.1255558, 36.3424806 ], [ 43.1253764, 36.3423729 ], [ 43.125502, 36.3421396 ] ] } },
{ "type": "Feature", "properties": { "fid": 178, "id": 1, "SpatialID": "43.135_36.345" }, "geometry": { "type": "LineString", "coordinates": [ [ 43.1244344, 36.3421217 ], [ 43.1247573, 36.3424088 ], [ 43.1249099, 36.3426241 ], [ 43.1251431, 36.3424895 ], [ 43.1254123, 36.34266 ], [ 43.1252059, 36.3428035 ], [ 43.124865, 36.3428394 ], [ 43.1238243, 36.3421307 ], [ 43.1244344, 36.3421217 ] ] } },
{ "type": "Feature", "properties": { "fid": 179, "id": 1, "SpatialID": "43.135_36.345" }, "geometry": { "type": "LineString", "coordinates": [ [ 43.1257529, 36.3424901 ], [ 43.1260361, 36.342509 ], [ 43.1264326, 36.3419519 ], [ 43.1269047, 36.3421502 ], [ 43.1263477, 36.3430377 ], [ 43.1256207, 36.3428205 ], [ 43.1257529, 36.3424901 ] ] } },
{ "type": "Feature", "properties": { "fid": 180, "id": 1, "SpatialID": "43.135_36.345" }, "geometry": { "type": "LineString", "coordinates": [ [ 43.1235013, 36.3433867 ], [ 43.1238512, 36.3431265 ], [ 43.1244254, 36.3435572 ], [ 43.1237794, 36.3441224 ], [ 43.1235821, 36.3438532 ], [ 43.1235103, 36.3436917 ], [ 43.1232501, 36.3433688 ], [ 43.1233757, 36.343297 ], [ 43.1235013, 36.3433867 ] ] } },
{ "type": "Feature", "properties": { "fid": 181, "id": 1, "SpatialID": "43.135_36.345" }, "geometry": { "type": "LineString", "coordinates": [ [ 43.1251958, 36.3442462 ], [ 43.1248748, 36.3448976 ], [ 43.124686, 36.3448504 ], [ 43.1249032, 36.3439818 ], [ 43.1251864, 36.3439912 ], [ 43.1252808, 36.3433492 ], [ 43.1250825, 36.343472 ], [ 43.1248371, 36.3434531 ], [ 43.1245633, 36.343387 ], [ 43.1238457, 36.3428583 ], [ 43.1235719, 36.3426695 ], [ 43.1239685, 36.3423674 ], [ 43.1242045, 36.3426884 ], [ 43.124601, 36.3428677 ], [ 43.1251014, 36.3430754 ], [ 43.1254885, 36.3429244 ], [ 43.1262533, 36.3432076 ], [ 43.1255735, 36.3443217 ], [ 43.1251958, 36.3442462 ] ] } },
{ "type": "Feature", "properties": { "fid": 182, "id": 1, "SpatialID": "43.135_36.345" }, "geometry": { "type": "LineString", "coordinates": [ [ 43.1242639, 36.3439519 ], [ 43.1244254, 36.3438532 ], [ 43.1245959, 36.3437545 ], [ 43.1246587, 36.3435751 ], [ 43.1248201, 36.343602 ], [ 43.1248471, 36.343916 ], [ 43.1246048, 36.3444184 ], [ 43.1241473, 36.3441313 ], [ 43.1242639, 36.3439519 ] ] } },
{ "type": "Feature", "properties": { "fid": 183, "id": 1, "SpatialID": "43.135_36.345" }, "geometry": { "type": "LineString", "coordinates": [ [ 43.1239948, 36.34423 ], [ 43.124237, 36.3444274 ], [ 43.1239858, 36.3447863 ], [ 43.1235103, 36.3446786 ], [ 43.1239948, 36.34423 ] ] } },
{ "type": "Feature", "properties": { "fid": 184, "id": 1, "SpatialID": "43.135_36.345" }, "geometry": { "type": "LineString", "coordinates": [ [ 43.1244523, 36.3448311 ], [ 43.124219, 36.3448311 ], [ 43.1243985, 36.3445351 ], [ 43.124542, 36.344562 ], [ 43.1244523, 36.3448311 ] ] } },
{ "type": "Feature", "properties": { "fid": 185, "id": 1, "SpatialID": "43.135_36.345" }, "geometry": { "type": "LineString", "coordinates": [ [ 43.1264255, 36.3448921 ], [ 43.1261812, 36.3451796 ], [ 43.1254338, 36.3450071 ], [ 43.1255919, 36.3447197 ], [ 43.1264255, 36.3448921 ] ] } },
{ "type": "Feature", "properties": { "fid": 186, "id": 1, "SpatialID": "43.135_36.345" }, "geometry": { "type": "LineString", "coordinates": [ [ 43.1243508, 36.3451339 ], [ 43.1244468, 36.3449847 ], [ 43.1252142, 36.3451339 ], [ 43.1251503, 36.3452298 ], [ 43.1243508, 36.3451339 ] ] } },
{ "type": "Feature", "properties": { "fid": 187, "id": 1, "SpatialID": "43.135_36.345" }, "geometry": { "type": "LineString", "coordinates": [ [ 43.1268855, 36.3452802 ], [ 43.1264686, 36.3452227 ], [ 43.1267705, 36.3449928 ], [ 43.1268855, 36.3452802 ] ] } },
{ "type": "Feature", "properties": { "fid": 188, "id": 1, "SpatialID": "43.135_36.345" }, "geometry": { "type": "LineString", "coordinates": [ [ 43.1256637, 36.3452371 ], [ 43.1263105, 36.3453808 ], [ 43.1262387, 36.3455102 ], [ 43.1258506, 36.3454958 ], [ 43.1256637, 36.3452371 ] ] } },
{ "type": "Feature", "properties": { "fid": 189, "id": 1, "SpatialID": "43.135_36.345" }, "geometry": { "type": "LineString", "coordinates": [ [ 43.1244254, 36.3456029 ], [ 43.1241483, 36.3457202 ], [ 43.1238818, 36.3457308 ], [ 43.1236793, 36.3456349 ], [ 43.1237219, 36.345507 ], [ 43.1239138, 36.3453897 ], [ 43.1242016, 36.3451765 ], [ 43.1251183, 36.345411 ], [ 43.1249478, 36.3457628 ], [ 43.1244254, 36.3456029 ] ] } },
{ "type": "Feature", "properties": { "fid": 190, "id": 1, "SpatialID": "43.135_36.345" }, "geometry": { "type": "LineString", "coordinates": [ [ 43.1276041, 36.3460564 ], [ 43.1262387, 36.3460276 ], [ 43.1260374, 36.3457258 ], [ 43.1263249, 36.3457258 ], [ 43.1265693, 36.3454527 ], [ 43.1276041, 36.3456108 ], [ 43.1276041, 36.3460564 ] ] } },
{ "type": "Feature", "properties": { "fid": 191, "id": 1, "SpatialID": "43.135_36.345" }, "geometry": { "type": "LineString", "coordinates": [ [ 43.1250888, 36.3459845 ], [ 43.1254481, 36.3452659 ], [ 43.1258218, 36.345927 ], [ 43.1255487, 36.3463007 ], [ 43.1250888, 36.3459845 ] ] } },
{ "type": "Feature", "properties": { "fid": 192, "id": 1, "SpatialID": "43.135_36.345" }, "geometry": { "type": "LineString", "coordinates": [ [ 43.1241057, 36.3460399 ], [ 43.1239671, 36.346008 ], [ 43.1240097, 36.3458587 ], [ 43.1243402, 36.3459014 ], [ 43.1243828, 36.3458161 ], [ 43.1245214, 36.3458054 ], [ 43.1247879, 36.3459014 ], [ 43.1245001, 36.3464663 ], [ 43.1241163, 36.3462958 ], [ 43.1241057, 36.3460399 ] ] } },
{ "type": "Feature", "properties": { "fid": 193, "id": 1, "SpatialID": "43.135_36.345" }, "geometry": { "type": "LineString", "coordinates": [ [ 43.1261237, 36.3467463 ], [ 43.1257643, 36.3464732 ], [ 43.1259512, 36.3461858 ], [ 43.1264974, 36.3462001 ], [ 43.1261237, 36.3467463 ] ] } },
{ "type": "Feature", "properties": { "fid": 194, "id": 1, "SpatialID": "43.135_36.345" }, "geometry": { "type": "LineString", "coordinates": [ [ 43.1257356, 36.3472063 ], [ 43.1253475, 36.3469907 ], [ 43.125635, 36.3465595 ], [ 43.1259943, 36.3469044 ], [ 43.1257356, 36.3472063 ] ] } },
{ "type": "Feature", "properties": { "fid": 195, "id": 1, "SpatialID": "43.135_36.345" }, "geometry": { "type": "LineString", "coordinates": [ [ 43.1250457, 36.347005 ], [ 43.1256062, 36.3473213 ], [ 43.1251032, 36.3478962 ], [ 43.1243126, 36.3472781 ], [ 43.1246145, 36.3466026 ], [ 43.1249738, 36.3461426 ], [ 43.125405, 36.3464301 ], [ 43.1250457, 36.347005 ] ] } },
{ "type": "Feature", "properties": { "fid": 196, "id": 1, "SpatialID": "43.135_36.345" }, "geometry": { "type": "LineString", "coordinates": [ [ 43.1233086, 36.3481327 ], [ 43.1237557, 36.3470655 ], [ 43.1240874, 36.3472674 ], [ 43.1236691, 36.3482986 ], [ 43.1233086, 36.3481327 ] ] } },
{ "type": "Feature", "properties": { "fid": 197, "id": 1, "SpatialID": "43.135_36.345" }, "geometry": { "type": "LineString", "coordinates": [ [ 43.1267992, 36.3475081 ], [ 43.1267417, 36.3478675 ], [ 43.1265405, 36.3477381 ], [ 43.1262962, 36.3477381 ], [ 43.1260949, 36.3481406 ], [ 43.1254889, 36.3480169 ], [ 43.1255634, 36.348084 ], [ 43.1260898, 36.3483128 ], [ 43.126044, 36.3484387 ], [ 43.1254948, 36.3482098 ], [ 43.1251401, 36.3485646 ], [ 43.1249684, 36.3484501 ], [ 43.1253575, 36.3479581 ], [ 43.1254111, 36.3479715 ], [ 43.12575, 36.3475512 ], [ 43.1262243, 36.347005 ], [ 43.1267992, 36.3475081 ] ] } },
{ "type": "Feature", "properties": { "fid": 198, "id": 1, "SpatialID": "43.135_36.345" }, "geometry": { "type": "LineString", "coordinates": [ [ 43.1243181, 36.3488682 ], [ 43.1238422, 36.3484933 ], [ 43.1240008, 36.3481111 ], [ 43.1242749, 36.3474909 ], [ 43.1249455, 36.3480318 ], [ 43.1243181, 36.3488682 ] ] } },
{ "type": "Feature", "properties": { "fid": 199, "id": 1, "SpatialID": "43.135_36.345" }, "geometry": { "type": "LineString", "coordinates": [ [ 43.1267421, 36.3486332 ], [ 43.1262157, 36.3485531 ], [ 43.1263644, 36.3479123 ], [ 43.1267306, 36.3480382 ], [ 43.1267421, 36.3486332 ] ] } },
{ "type": "Feature", "properties": { "fid": 200, "id": 1, "SpatialID": "43.135_36.345" }, "geometry": { "type": "LineString", "coordinates": [ [ 43.1259639, 36.3488621 ], [ 43.1251515, 36.3488392 ], [ 43.1253804, 36.3484616 ], [ 43.1256321, 36.3484044 ], [ 43.1259868, 36.3486218 ], [ 43.1259639, 36.3488621 ] ] } },
{ "type": "Feature", "properties": { "fid": 201, "id": 1, "SpatialID": "43.135_36.345" }, "geometry": { "type": "LineString", "coordinates": [ [ 43.1245107, 36.3491024 ], [ 43.1258724, 36.3490452 ], [ 43.1255406, 36.3497432 ], [ 43.124957, 36.3497317 ], [ 43.1245107, 36.3491024 ] ] } },
{ "type": "Feature", "properties": { "fid": 202, "id": 1, "SpatialID": "43.135_36.345" }, "geometry": { "type": "LineString", "coordinates": [ [ 43.1248311, 36.3500407 ], [ 43.1249112, 36.3499034 ], [ 43.1261241, 36.3501208 ], [ 43.1259296, 36.3504526 ], [ 43.125449, 36.3503153 ], [ 43.1248311, 36.3500407 ] ] } },
{ "type": "Feature", "properties": { "fid": 203, "id": 1, "SpatialID": "43.135_36.345" }, "geometry": { "type": "LineString", "coordinates": [ [ 43.1272913, 36.3501895 ], [ 43.1271655, 36.350384 ], [ 43.1269595, 36.3507502 ], [ 43.1266505, 36.3506472 ], [ 43.1262843, 36.3508646 ], [ 43.1265361, 36.3504755 ], [ 43.126765, 36.3502352 ], [ 43.1269252, 36.3499949 ], [ 43.1272112, 36.3495486 ], [ 43.1274401, 36.3497203 ], [ 43.1271655, 36.350075 ], [ 43.1272913, 36.3501895 ] ] } },
{ "type": "Feature", "properties": { "fid": 204, "id": 1, "SpatialID": "43.135_36.345" }, "geometry": { "type": "LineString", "coordinates": [ [ 43.12506, 36.3503954 ], [ 43.1254719, 36.3506014 ], [ 43.1261013, 36.350876 ], [ 43.1258037, 36.3512079 ], [ 43.1254147, 36.3510591 ], [ 43.1247968, 36.3507158 ], [ 43.12506, 36.3503954 ] ] } },
{ "type": "Feature", "properties": { "fid": 205, "id": 1, "SpatialID": "43.135_36.345" }, "geometry": { "type": "LineString", "coordinates": [ [ 43.1246823, 36.3515283 ], [ 43.1247281, 36.3509218 ], [ 43.1256893, 36.3513566 ], [ 43.12506, 36.3517342 ], [ 43.1246823, 36.3515283 ] ] } },
{ "type": "Feature", "properties": { "fid": 206, "id": 1, "SpatialID": "43.135_36.345" }, "geometry": { "type": "LineString", "coordinates": [ [ 43.124274, 36.3517539 ], [ 43.1242651, 36.3520297 ], [ 43.1236424, 36.3519852 ], [ 43.1236424, 36.3514425 ], [ 43.1239716, 36.3514514 ], [ 43.1239627, 36.3517539 ], [ 43.124274, 36.3517539 ] ] } },
{ "type": "Feature", "properties": { "fid": 207, "id": 1, "SpatialID": "43.135_36.345" }, "geometry": { "type": "LineString", "coordinates": [ [ 43.1261814, 36.3522492 ], [ 43.1260669, 36.3523293 ], [ 43.1256893, 36.3519517 ], [ 43.1255978, 36.3520089 ], [ 43.1253689, 36.3518029 ], [ 43.1259525, 36.3514596 ], [ 43.1263187, 36.3518944 ], [ 43.1265361, 36.3517686 ], [ 43.1267878, 36.3520775 ], [ 43.1263644, 36.3524094 ], [ 43.1261814, 36.3522492 ] ] } },
{ "type": "Feature", "properties": { "fid": 208, "id": 1, "SpatialID": "43.135_36.345" }, "geometry": { "type": "LineString", "coordinates": [ [ 43.1254605, 36.3522377 ], [ 43.1248998, 36.3525696 ], [ 43.1245336, 36.3521691 ], [ 43.1252087, 36.3518944 ], [ 43.1254605, 36.3522377 ] ] } },
{ "type": "Feature", "properties": { "fid": 209, "id": 1, "SpatialID": "43.135_36.345" }, "geometry": { "type": "LineString", "coordinates": [ [ 43.1293008, 36.3271033 ], [ 43.1297252, 36.3272731 ], [ 43.1293574, 36.3278814 ], [ 43.1290179, 36.3276551 ], [ 43.1293008, 36.3271033 ] ] } },
{ "type": "Feature", "properties": { "fid": 210, "id": 1, "SpatialID": "43.135_36.345" }, "geometry": { "type": "LineString", "coordinates": [ [ 43.1289483, 36.3323912 ], [ 43.1285468, 36.3328342 ], [ 43.1277717, 36.3329865 ], [ 43.1272041, 36.3328757 ], [ 43.1276748, 36.3323082 ], [ 43.1274533, 36.3321421 ], [ 43.1278132, 36.3318375 ], [ 43.1276886, 36.3314776 ], [ 43.1279932, 36.33109 ], [ 43.1285192, 36.3313115 ], [ 43.1287822, 36.3310624 ], [ 43.1297927, 36.3316991 ], [ 43.1289483, 36.3323912 ] ] } },
{ "type": "Feature", "properties": { "fid": 211, "id": 1, "SpatialID": "43.135_36.345" }, "geometry": { "type": "LineString", "coordinates": [ [ 43.130234, 36.3317649 ], [ 43.1303871, 36.3319651 ], [ 43.1294686, 36.3327187 ], [ 43.1292685, 36.3325067 ], [ 43.130234, 36.3317649 ] ] } },
{ "type": "Feature", "properties": { "fid": 212, "id": 1, "SpatialID": "43.135_36.345" }, "geometry": { "type": "LineString", "coordinates": [ [ 43.1294215, 36.3329424 ], [ 43.1292331, 36.3334016 ], [ 43.1289623, 36.3334016 ], [ 43.128715, 36.3337195 ], [ 43.1282205, 36.3342848 ], [ 43.1275964, 36.3336371 ], [ 43.128562, 36.3332132 ], [ 43.1288563, 36.33286 ], [ 43.1294215, 36.3329424 ] ] } },
{ "type": "Feature", "properties": { "fid": 213, "id": 1, "SpatialID": "43.135_36.345" }, "geometry": { "type": "LineString", "coordinates": [ [ 43.1297277, 36.3335194 ], [ 43.1300809, 36.3336136 ], [ 43.1299514, 36.3339197 ], [ 43.1294451, 36.3338255 ], [ 43.1291154, 36.3338255 ], [ 43.1289859, 36.3336136 ], [ 43.129292, 36.3335782 ], [ 43.1294098, 36.3332721 ], [ 43.1297395, 36.3333192 ], [ 43.1297277, 36.3335194 ] ] } },
{ "type": "Feature", "properties": { "fid": 214, "id": 1, "SpatialID": "43.135_36.345" }, "geometry": { "type": "LineString", "coordinates": [ [ 43.128456, 36.3349206 ], [ 43.1283618, 36.3344143 ], [ 43.1288799, 36.3337549 ], [ 43.1291978, 36.3341081 ], [ 43.1285737, 36.3349206 ], [ 43.128456, 36.3349206 ] ] } },
{ "type": "Feature", "properties": { "fid": 215, "id": 1, "SpatialID": "43.135_36.345" }, "geometry": { "type": "LineString", "coordinates": [ [ 43.129186, 36.3346851 ], [ 43.1291272, 36.3344849 ], [ 43.1293391, 36.334379 ], [ 43.1295275, 36.3339786 ], [ 43.1298808, 36.334061 ], [ 43.1296217, 36.3347204 ], [ 43.129186, 36.3346851 ] ] } },
{ "type": "Feature", "properties": { "fid": 216, "id": 1, "SpatialID": "43.135_36.345" }, "geometry": { "type": "LineString", "coordinates": [ [ 43.1267928, 36.3348366 ], [ 43.1264758, 36.33459 ], [ 43.126558, 36.3343083 ], [ 43.1272389, 36.3338504 ], [ 43.1280959, 36.3344726 ], [ 43.1281546, 36.3348953 ], [ 43.1285773, 36.3352122 ], [ 43.1286242, 36.3355644 ], [ 43.1285421, 36.3356466 ], [ 43.1283425, 36.3353061 ], [ 43.1279316, 36.3350361 ], [ 43.1276733, 36.3348483 ], [ 43.1267928, 36.3348366 ] ] } },
{ "type": "Feature", "properties": { "fid": 217, "id": 1, "SpatialID": "43.135_36.345" }, "geometry": { "type": "LineString", "coordinates": [ [ 43.1287906, 36.3350008 ], [ 43.1289174, 36.3347702 ], [ 43.1294362, 36.3348855 ], [ 43.1291019, 36.3357732 ], [ 43.1288828, 36.335704 ], [ 43.1287906, 36.3350008 ] ] } },
{ "type": "Feature", "properties": { "fid": 218, "id": 1, "SpatialID": "43.135_36.345" }, "geometry": { "type": "LineString", "coordinates": [ [ 43.1295365, 36.3356197 ], [ 43.1300083, 36.3357286 ], [ 43.1305042, 36.3359463 ], [ 43.1303469, 36.3362245 ], [ 43.1296817, 36.3361035 ], [ 43.1293309, 36.3359342 ], [ 43.1295365, 36.3356197 ] ] } },
{ "type": "Feature", "properties": { "fid": 219, "id": 1, "SpatialID": "43.135_36.345" }, "geometry": { "type": "LineString", "coordinates": [ [ 43.1278568, 36.3351852 ], [ 43.1283179, 36.3355888 ], [ 43.1288828, 36.3364189 ], [ 43.1287099, 36.3366033 ], [ 43.128341, 36.3365111 ], [ 43.1280066, 36.336857 ], [ 43.1277184, 36.3362805 ], [ 43.1280758, 36.3358655 ], [ 43.1276146, 36.3354504 ], [ 43.1278568, 36.3351852 ] ] } },
{ "type": "Feature", "properties": { "fid": 220, "id": 1, "SpatialID": "43.135_36.345" }, "geometry": { "type": "LineString", "coordinates": [ [ 43.1292965, 36.3361127 ], [ 43.1301364, 36.3364086 ], [ 43.1290961, 36.3376207 ], [ 43.128762, 36.3374871 ], [ 43.1292965, 36.3361127 ] ] } },
{ "type": "Feature", "properties": { "fid": 221, "id": 1, "SpatialID": "43.135_36.345" }, "geometry": { "type": "LineString", "coordinates": [ [ 43.127165, 36.3380329 ], [ 43.1269921, 36.33786 ], [ 43.1267615, 36.3379061 ], [ 43.1262196, 36.3369838 ], [ 43.1271535, 36.3363497 ], [ 43.1275224, 36.3363151 ], [ 43.127949, 36.3371106 ], [ 43.1283294, 36.3375833 ], [ 43.1281911, 36.3379637 ], [ 43.1277299, 36.3376525 ], [ 43.127165, 36.3380329 ] ] } },
{ "type": "Feature", "properties": { "fid": 222, "id": 1, "SpatialID": "43.135_36.345" }, "geometry": { "type": "LineString", "coordinates": [ [ 43.1292043, 36.3378893 ], [ 43.1294396, 36.3379724 ], [ 43.1296057, 36.3382631 ], [ 43.1294673, 36.33836 ], [ 43.1289966, 36.3384569 ], [ 43.1286782, 36.3380831 ], [ 43.1286229, 36.337917 ], [ 43.1287475, 36.3376678 ], [ 43.1289966, 36.3377786 ], [ 43.1289274, 36.3380139 ], [ 43.1290935, 36.3380278 ], [ 43.1292043, 36.3378893 ] ] } },
{ "type": "Feature", "properties": { "fid": 223, "id": 1, "SpatialID": "43.135_36.345" }, "geometry": { "type": "LineString", "coordinates": [ [ 43.1268334, 36.3388816 ], [ 43.1268421, 36.3385409 ], [ 43.1277069, 36.337912 ], [ 43.1281, 36.3380954 ], [ 43.1277069, 36.3389515 ], [ 43.1268334, 36.3388816 ] ] } },
{ "type": "Feature", "properties": { "fid": 224, "id": 1, "SpatialID": "43.135_36.345" }, "geometry": { "type": "LineString", "coordinates": [ [ 43.1287339, 36.3389876 ], [ 43.1279094, 36.3391496 ], [ 43.1284379, 36.3380925 ], [ 43.1287339, 36.3389876 ] ] } },
{ "type": "Feature", "properties": { "fid": 225, "id": 1, "SpatialID": "43.135_36.345" }, "geometry": { "type": "LineString", "coordinates": [ [ 43.1298548, 36.338694 ], [ 43.129865, 36.3388883 ], [ 43.1301208, 36.3388986 ], [ 43.1303458, 36.3389906 ], [ 43.1306937, 36.3389804 ], [ 43.1308676, 36.3390111 ], [ 43.1310721, 36.339318 ], [ 43.1305504, 36.3392975 ], [ 43.1303868, 36.3395839 ], [ 43.1305607, 36.3397169 ], [ 43.1304584, 36.3399727 ], [ 43.1302435, 36.3399215 ], [ 43.1302333, 36.3397272 ], [ 43.130039, 36.3396146 ], [ 43.1296093, 36.3397988 ], [ 43.129149, 36.3393691 ], [ 43.1289546, 36.3391338 ], [ 43.1288728, 36.3386633 ], [ 43.1289444, 36.338653 ], [ 43.1292922, 36.338653 ], [ 43.1293945, 36.338561 ], [ 43.1296911, 36.3385303 ], [ 43.1298548, 36.338694 ] ] } },
{ "type": "Feature", "properties": { "fid": 226, "id": 1, "SpatialID": "43.135_36.345" }, "geometry": { "type": "LineString", "coordinates": [ [ 43.1286353, 36.339199 ], [ 43.1288608, 36.3391496 ], [ 43.1289735, 36.3394245 ], [ 43.1287833, 36.3394809 ], [ 43.1286353, 36.339199 ] ] } },
{ "type": "Feature", "properties": { "fid": 227, "id": 1, "SpatialID": "43.135_36.345" }, "geometry": { "type": "LineString", "coordinates": [ [ 43.1269732, 36.3402442 ], [ 43.1270081, 36.3398162 ], [ 43.1268596, 36.3397463 ], [ 43.1270081, 36.3390737 ], [ 43.1275584, 36.3391611 ], [ 43.1270168, 36.3402792 ], [ 43.1269732, 36.3402442 ] ] } },
{ "type": "Feature", "properties": { "fid": 228, "id": 1, "SpatialID": "43.135_36.345" }, "geometry": { "type": "LineString", "coordinates": [ [ 43.1279341, 36.3401574 ], [ 43.1275465, 36.3399742 ], [ 43.1278214, 36.3393682 ], [ 43.1284203, 36.3392413 ], [ 43.1286106, 36.3395091 ], [ 43.1279341, 36.3401574 ] ] } },
{ "type": "Feature", "properties": { "fid": 229, "id": 1, "SpatialID": "43.135_36.345" }, "geometry": { "type": "LineString", "coordinates": [ [ 43.1289559, 36.339946 ], [ 43.1287163, 36.3399319 ], [ 43.1281173, 36.3404393 ], [ 43.1280257, 36.340397 ], [ 43.1288361, 36.3396148 ], [ 43.1290546, 36.339636 ], [ 43.1291321, 36.3398051 ], [ 43.1289559, 36.339946 ] ] } },
{ "type": "Feature", "properties": { "fid": 230, "id": 1, "SpatialID": "43.135_36.345" }, "geometry": { "type": "LineString", "coordinates": [ [ 43.1274479, 36.3401574 ], [ 43.1278354, 36.3402561 ], [ 43.1278284, 36.3404252 ], [ 43.1273281, 36.3405168 ], [ 43.1274479, 36.3401574 ] ] } },
{ "type": "Feature", "properties": { "fid": 231, "id": 1, "SpatialID": "43.135_36.345" }, "geometry": { "type": "LineString", "coordinates": [ [ 43.1295991, 36.3400034 ], [ 43.1299776, 36.3398192 ], [ 43.1301208, 36.340075 ], [ 43.1297116, 36.340965 ], [ 43.1296093, 36.341057 ], [ 43.1293433, 36.3397783 ], [ 43.1295991, 36.3400034 ] ] } },
{ "type": "Feature", "properties": { "fid": 232, "id": 1, "SpatialID": "43.135_36.345" }, "geometry": { "type": "LineString", "coordinates": [ [ 43.1285863, 36.3406274 ], [ 43.1284431, 36.3403 ], [ 43.12875, 36.3400852 ], [ 43.1289955, 36.3401159 ], [ 43.1291592, 36.3400034 ], [ 43.1295582, 36.3415685 ], [ 43.1292103, 36.3414253 ], [ 43.1288728, 36.3412821 ], [ 43.1287602, 36.3412309 ], [ 43.1285659, 36.3409138 ], [ 43.1285863, 36.3406274 ] ] } },
{ "type": "Feature", "properties": { "fid": 233, "id": 1, "SpatialID": "43.135_36.345" }, "geometry": { "type": "LineString", "coordinates": [ [ 43.1272277, 36.3412068 ], [ 43.127621, 36.3414108 ], [ 43.1280726, 36.3419789 ], [ 43.1274025, 36.3421974 ], [ 43.1265576, 36.3418332 ], [ 43.1271548, 36.3407261 ], [ 43.1273296, 36.3408281 ], [ 43.1272277, 36.3412068 ] ] } },
{ "type": "Feature", "properties": { "fid": 234, "id": 1, "SpatialID": "43.135_36.345" }, "geometry": { "type": "LineString", "coordinates": [ [ 43.1280434, 36.3412214 ], [ 43.1290195, 36.341673 ], [ 43.1282911, 36.3419061 ], [ 43.1279706, 36.3413525 ], [ 43.1280434, 36.3412214 ] ] } },
{ "type": "Feature", "properties": { "fid": 235, "id": 1, "SpatialID": "43.135_36.345" }, "geometry": { "type": "LineString", "coordinates": [ [ 43.1289903, 36.3430278 ], [ 43.1284368, 36.3421246 ], [ 43.1289029, 36.3419643 ], [ 43.1292525, 36.3417458 ], [ 43.1300683, 36.3422411 ], [ 43.1291506, 36.3421974 ], [ 43.1289903, 36.3430278 ] ] } },
{ "type": "Feature", "properties": { "fid": 236, "id": 1, "SpatialID": "43.135_36.345" }, "geometry": { "type": "LineString", "coordinates": [ [ 43.1276317, 36.3423296 ], [ 43.1281887, 36.3421219 ], [ 43.1285191, 36.342745 ], [ 43.1276317, 36.3423296 ] ] } },
{ "type": "Feature", "properties": { "fid": 237, "id": 1, "SpatialID": "43.135_36.345" }, "geometry": { "type": "LineString", "coordinates": [ [ 43.1287453, 36.3430591 ], [ 43.1286673, 36.3431177 ], [ 43.1281891, 36.3429322 ], [ 43.1271742, 36.343264 ], [ 43.1270571, 36.3430298 ], [ 43.1267351, 36.342981 ], [ 43.1271254, 36.342376 ], [ 43.1275743, 36.3425419 ], [ 43.1284916, 36.342942 ], [ 43.1287453, 36.3430591 ] ] } },
{ "type": "Feature", "properties": { "fid": 238, "id": 1, "SpatialID": "43.135_36.345" }, "geometry": { "type": "LineString", "coordinates": [ [ 43.1302431, 36.3426636 ], [ 43.129136, 36.3432754 ], [ 43.1293545, 36.3424305 ], [ 43.1300975, 36.3424596 ], [ 43.1302431, 36.3426636 ] ] } },
{ "type": "Feature", "properties": { "fid": 239, "id": 1, "SpatialID": "43.135_36.345" }, "geometry": { "type": "LineString", "coordinates": [ [ 43.12918, 36.3436702 ], [ 43.1288213, 36.3436608 ], [ 43.1286136, 36.3434909 ], [ 43.1286513, 36.3432454 ], [ 43.129029, 36.3433776 ], [ 43.12918, 36.3436702 ] ] } },
{ "type": "Feature", "properties": { "fid": 240, "id": 1, "SpatialID": "43.135_36.345" }, "geometry": { "type": "LineString", "coordinates": [ [ 43.1284719, 36.3441517 ], [ 43.1274712, 36.3437552 ], [ 43.1273956, 36.3433209 ], [ 43.1281887, 36.3430754 ], [ 43.1284342, 36.3431699 ], [ 43.1284719, 36.3441517 ] ] } },
{ "type": "Feature", "properties": { "fid": 241, "id": 1, "SpatialID": "43.135_36.345" }, "geometry": { "type": "LineString", "coordinates": [ [ 43.1280565, 36.3441423 ], [ 43.1280093, 36.3442745 ], [ 43.1272635, 36.3442745 ], [ 43.1268953, 36.3445294 ], [ 43.1267725, 36.3447277 ], [ 43.1257057, 36.3445388 ], [ 43.1266026, 36.3431038 ], [ 43.1270274, 36.3430471 ], [ 43.1271502, 36.3437174 ], [ 43.1280565, 36.3441423 ] ] } },
{ "type": "Feature", "properties": { "fid": 242, "id": 1, "SpatialID": "43.135_36.345" }, "geometry": { "type": "LineString", "coordinates": [ [ 43.1286324, 36.3442273 ], [ 43.1286608, 36.3437835 ], [ 43.129265, 36.3438874 ], [ 43.1293877, 36.3441517 ], [ 43.1291706, 36.3444822 ], [ 43.1286324, 36.3442273 ] ] } },
{ "type": "Feature", "properties": { "fid": 243, "id": 1, "SpatialID": "43.135_36.345" }, "geometry": { "type": "LineString", "coordinates": [ [ 43.1279491, 36.3446765 ], [ 43.1276329, 36.3449353 ], [ 43.1275467, 36.3454671 ], [ 43.1271011, 36.3453665 ], [ 43.126943, 36.3447628 ], [ 43.1273885, 36.3444466 ], [ 43.1279635, 36.3444322 ], [ 43.1279491, 36.3446765 ] ] } },
{ "type": "Feature", "properties": { "fid": 244, "id": 1, "SpatialID": "43.135_36.345" }, "geometry": { "type": "LineString", "coordinates": [ [ 43.1287684, 36.3458695 ], [ 43.1278054, 36.3455102 ], [ 43.1278341, 36.3449784 ], [ 43.1282222, 36.3447197 ], [ 43.1282078, 36.3443172 ], [ 43.1284522, 36.3443172 ], [ 43.1285097, 36.3447772 ], [ 43.1287828, 36.345194 ], [ 43.1287684, 36.3458695 ] ] } },
{ "type": "Feature", "properties": { "fid": 245, "id": 1, "SpatialID": "43.135_36.345" }, "geometry": { "type": "LineString", "coordinates": [ [ 43.1291506, 36.3446257 ], [ 43.1293677, 36.3446112 ], [ 43.1297585, 36.3453494 ], [ 43.1303374, 36.3454073 ], [ 43.1300624, 36.3462323 ], [ 43.1290782, 36.3460007 ], [ 43.1290782, 36.3451757 ], [ 43.1291506, 36.3446257 ] ] } },
{ "type": "Feature", "properties": { "fid": 246, "id": 1, "SpatialID": "43.135_36.345" }, "geometry": { "type": "LineString", "coordinates": [ [ 43.1295931, 36.3471898 ], [ 43.1293448, 36.3470818 ], [ 43.1288915, 36.3467365 ], [ 43.1290534, 36.3462939 ], [ 43.1299061, 36.3465314 ], [ 43.1295931, 36.3471898 ] ] } },
{ "type": "Feature", "properties": { "fid": 247, "id": 1, "SpatialID": "43.135_36.345" }, "geometry": { "type": "LineString", "coordinates": [ [ 43.1278777, 36.3462788 ], [ 43.1278374, 36.345865 ], [ 43.1288064, 36.346188 ], [ 43.1286853, 36.3467634 ], [ 43.1293818, 36.3473791 ], [ 43.1291496, 36.3476415 ], [ 43.128544, 36.3473791 ], [ 43.1278777, 36.3462788 ] ] } },
{ "type": "Feature", "properties": { "fid": 248, "id": 1, "SpatialID": "43.135_36.345" }, "geometry": { "type": "LineString", "coordinates": [ [ 43.1279779, 36.3476806 ], [ 43.1275467, 36.3477237 ], [ 43.1274604, 36.3477956 ], [ 43.1263537, 36.3468613 ], [ 43.1267705, 36.3462864 ], [ 43.1276329, 36.3463151 ], [ 43.1277623, 36.3467176 ], [ 43.1280641, 36.3470913 ], [ 43.1284953, 36.3474794 ], [ 43.1288834, 36.3477525 ], [ 43.1284234, 36.3477668 ], [ 43.1279779, 36.3476806 ] ] } },
{ "type": "Feature", "properties": { "fid": 249, "id": 1, "SpatialID": "43.135_36.345" }, "geometry": { "type": "LineString", "coordinates": [ [ 43.1301327, 36.3483447 ], [ 43.1293988, 36.3477402 ], [ 43.1301327, 36.3467365 ], [ 43.1299708, 36.3479777 ], [ 43.1302515, 36.3481396 ], [ 43.1301327, 36.3483447 ] ] } },
{ "type": "Feature", "properties": { "fid": 250, "id": 1, "SpatialID": "43.135_36.345" }, "geometry": { "type": "LineString", "coordinates": [ [ 43.1269137, 36.3485188 ], [ 43.1269709, 36.3476262 ], [ 43.127257, 36.3479123 ], [ 43.1270968, 36.3482098 ], [ 43.1269137, 36.3485188 ] ] } },
{ "type": "Feature", "properties": { "fid": 251, "id": 1, "SpatialID": "43.135_36.345" }, "geometry": { "type": "LineString", "coordinates": [ [ 43.1283803, 36.3479249 ], [ 43.1286678, 36.3480256 ], [ 43.1281216, 36.3484136 ], [ 43.1276185, 36.3479537 ], [ 43.1283803, 36.3479249 ] ] } },
{ "type": "Feature", "properties": { "fid": 252, "id": 1, "SpatialID": "43.135_36.345" }, "geometry": { "type": "LineString", "coordinates": [ [ 43.1297314, 36.348773 ], [ 43.1296308, 36.3486149 ], [ 43.1296596, 36.3485286 ], [ 43.1293721, 36.3482843 ], [ 43.1293146, 36.3480543 ], [ 43.1287971, 36.3484136 ], [ 43.1286247, 36.3483562 ], [ 43.1292715, 36.3478962 ], [ 43.1301626, 36.3486292 ], [ 43.1297314, 36.348773 ] ] } },
{ "type": "Feature", "properties": { "fid": 253, "id": 1, "SpatialID": "43.135_36.345" }, "geometry": { "type": "LineString", "coordinates": [ [ 43.1275035, 36.3481262 ], [ 43.1279635, 36.3485574 ], [ 43.1278772, 36.3493192 ], [ 43.1273167, 36.3490461 ], [ 43.1270148, 36.3487155 ], [ 43.1274029, 36.3481549 ], [ 43.1275035, 36.3481262 ] ] } },
{ "type": "Feature", "properties": { "fid": 254, "id": 1, "SpatialID": "43.135_36.345" }, "geometry": { "type": "LineString", "coordinates": [ [ 43.1289696, 36.3489167 ], [ 43.1284522, 36.3489742 ], [ 43.1282078, 36.3489598 ], [ 43.1282941, 36.3485718 ], [ 43.1287684, 36.3485718 ], [ 43.1289696, 36.3489167 ] ] } },
{ "type": "Feature", "properties": { "fid": 255, "id": 1, "SpatialID": "43.135_36.345" }, "geometry": { "type": "LineString", "coordinates": [ [ 43.12736, 36.3500865 ], [ 43.1278063, 36.3494914 ], [ 43.1278406, 36.3495715 ], [ 43.127749, 36.350281 ], [ 43.12736, 36.3500865 ] ] } },
{ "type": "Feature", "properties": { "fid": 256, "id": 1, "SpatialID": "43.135_36.345" }, "geometry": { "type": "LineString", "coordinates": [ [ 43.1276575, 36.351391 ], [ 43.1271883, 36.3510934 ], [ 43.1275316, 36.350773 ], [ 43.1279321, 36.3504069 ], [ 43.1281839, 36.3506243 ], [ 43.1280351, 36.3508188 ], [ 43.1281381, 36.3509561 ], [ 43.1276575, 36.351391 ] ] } },
{ "type": "Feature", "properties": { "fid": 257, "id": 1, "SpatialID": "43.135_36.345" }, "geometry": { "type": "LineString", "coordinates": [ [ 43.1314592, 36.3301381 ], [ 43.1289486, 36.3292252 ], [ 43.1291768, 36.3287497 ], [ 43.13028, 36.3268857 ], [ 43.1305272, 36.3264863 ], [ 43.1308696, 36.3265624 ], [ 43.1317255, 36.3289589 ], [ 43.1314592, 36.3301381 ] ] } },
{ "type": "Feature", "properties": { "fid": 258, "id": 1, "SpatialID": "43.135_36.345" }, "geometry": { "type": "LineString", "coordinates": [ [ 43.1315755, 36.3306796 ], [ 43.1324659, 36.3282027 ], [ 43.1335343, 36.3284779 ], [ 43.1336638, 36.329255 ], [ 43.1325306, 36.3304367 ], [ 43.1315755, 36.3306796 ] ] } },
{ "type": "Feature", "properties": { "fid": 259, "id": 1, "SpatialID": "43.135_36.345" }, "geometry": { "type": "LineString", "coordinates": [ [ 43.1344828, 36.332266 ], [ 43.1337629, 36.3324203 ], [ 43.1326703, 36.3327288 ], [ 43.1325546, 36.332266 ], [ 43.1333002, 36.3317775 ], [ 43.1335701, 36.3315976 ], [ 43.1347913, 36.3308777 ], [ 43.1344828, 36.332266 ] ] } },
{ "type": "Feature", "properties": { "fid": 260, "id": 1, "SpatialID": "43.135_36.345" }, "geometry": { "type": "LineString", "coordinates": [ [ 43.1305048, 36.3328717 ], [ 43.1299985, 36.3326716 ], [ 43.1304813, 36.3322123 ], [ 43.1306579, 36.3324125 ], [ 43.1305048, 36.3328717 ] ] } },
{ "type": "Feature", "properties": { "fid": 261, "id": 1, "SpatialID": "43.135_36.345" }, "geometry": { "type": "LineString", "coordinates": [ [ 43.1302139, 36.3340957 ], [ 43.1304437, 36.3336965 ], [ 43.1308791, 36.3339384 ], [ 43.1307098, 36.3343013 ], [ 43.1302139, 36.3340957 ] ] } },
{ "type": "Feature", "properties": { "fid": 262, "id": 1, "SpatialID": "43.135_36.345" }, "geometry": { "type": "LineString", "coordinates": [ [ 43.1321489, 36.3344303 ], [ 43.1324438, 36.3339585 ], [ 43.1330926, 36.3341158 ], [ 43.1325716, 36.3346958 ], [ 43.1321489, 36.3344303 ] ] } },
{ "type": "Feature", "properties": { "fid": 263, "id": 1, "SpatialID": "43.135_36.345" }, "geometry": { "type": "LineString", "coordinates": [ [ 43.1301534, 36.334265 ], [ 43.1306493, 36.3344948 ], [ 43.1304074, 36.3348819 ], [ 43.1299115, 36.3346158 ], [ 43.1301534, 36.334265 ] ] } },
{ "type": "Feature", "properties": { "fid": 264, "id": 1, "SpatialID": "43.135_36.345" }, "geometry": { "type": "LineString", "coordinates": [ [ 43.1344296, 36.3334374 ], [ 43.1344591, 36.33445 ], [ 43.1345869, 36.3354724 ], [ 43.1345574, 36.3359443 ], [ 43.1339479, 36.3355904 ], [ 43.1334072, 36.335148 ], [ 43.1327485, 36.3347056 ], [ 43.1333286, 36.3341256 ], [ 43.1337906, 36.3341944 ], [ 43.1337906, 36.3334767 ], [ 43.1344296, 36.3334374 ] ] } },
{ "type": "Feature", "properties": { "fid": 265, "id": 1, "SpatialID": "43.135_36.345" }, "geometry": { "type": "LineString", "coordinates": [ [ 43.1320403, 36.3360189 ], [ 43.1313871, 36.3357407 ], [ 43.1311936, 36.3358132 ], [ 43.1310606, 36.3354867 ], [ 43.130613, 36.3350633 ], [ 43.130867, 36.3345432 ], [ 43.1311331, 36.3340473 ], [ 43.1320645, 36.3346279 ], [ 43.1322217, 36.3351964 ], [ 43.1320887, 36.3353173 ], [ 43.132004, 36.3355229 ], [ 43.1320403, 36.3360189 ] ] } },
{ "type": "Feature", "properties": { "fid": 266, "id": 1, "SpatialID": "43.135_36.345" }, "geometry": { "type": "LineString", "coordinates": [ [ 43.1306735, 36.3354504 ], [ 43.1307219, 36.3355713 ], [ 43.1306856, 36.3357649 ], [ 43.1306009, 36.3358253 ], [ 43.1301534, 36.3356197 ], [ 43.1298994, 36.3354867 ], [ 43.1295607, 36.3354504 ], [ 43.129851, 36.3348093 ], [ 43.1299841, 36.3348698 ], [ 43.1303106, 36.3350391 ], [ 43.1306735, 36.3354504 ] ] } },
{ "type": "Feature", "properties": { "fid": 267, "id": 1, "SpatialID": "43.135_36.345" }, "geometry": { "type": "LineString", "coordinates": [ [ 43.1309638, 36.3358858 ], [ 43.1311089, 36.3364301 ], [ 43.1310243, 36.3370954 ], [ 43.1305767, 36.3363696 ], [ 43.1306856, 36.3360672 ], [ 43.1309638, 36.3358858 ] ] } },
{ "type": "Feature", "properties": { "fid": 268, "id": 1, "SpatialID": "43.135_36.345" }, "geometry": { "type": "LineString", "coordinates": [ [ 43.1334705, 36.3367511 ], [ 43.1333668, 36.3363019 ], [ 43.1337037, 36.3363192 ], [ 43.1337037, 36.3365524 ], [ 43.1337469, 36.3367079 ], [ 43.1334705, 36.3367511 ] ] } },
{ "type": "Feature", "properties": { "fid": 269, "id": 1, "SpatialID": "43.135_36.345" }, "geometry": { "type": "LineString", "coordinates": [ [ 43.1334192, 36.3382686 ], [ 43.1323911, 36.3347972 ], [ 43.1331168, 36.3352689 ], [ 43.1331168, 36.3359463 ], [ 43.1331652, 36.3362003 ], [ 43.1331773, 36.3365873 ], [ 43.1333829, 36.3371558 ], [ 43.13377, 36.3380267 ], [ 43.1334192, 36.3382686 ] ] } },
{ "type": "Feature", "properties": { "fid": 270, "id": 1, "SpatialID": "43.135_36.345" }, "geometry": { "type": "LineString", "coordinates": [ [ 43.1323911, 36.3364785 ], [ 43.1322459, 36.3363575 ], [ 43.1322943, 36.3361519 ], [ 43.1321975, 36.3355229 ], [ 43.1324153, 36.3355108 ], [ 43.1325725, 36.3363091 ], [ 43.1332378, 36.3382928 ], [ 43.1327902, 36.3384984 ], [ 43.1326935, 36.3378695 ], [ 43.1324032, 36.336793 ], [ 43.1323911, 36.3364785 ] ] } },
{ "type": "Feature", "properties": { "fid": 271, "id": 1, "SpatialID": "43.135_36.345" }, "geometry": { "type": "LineString", "coordinates": [ [ 43.1312662, 36.3373494 ], [ 43.1311573, 36.3372042 ], [ 43.1312783, 36.336672 ], [ 43.131242, 36.3361156 ], [ 43.1314234, 36.3361156 ], [ 43.1313871, 36.3360068 ], [ 43.1317258, 36.3360914 ], [ 43.1316895, 36.3362487 ], [ 43.1321613, 36.3365148 ], [ 43.1324515, 36.3380146 ], [ 43.1316774, 36.3379541 ], [ 43.131375, 36.3377969 ], [ 43.1317984, 36.3373494 ], [ 43.1312662, 36.3373494 ] ] } },
{ "type": "Feature", "properties": { "fid": 272, "id": 1, "SpatialID": "43.135_36.345" }, "geometry": { "type": "LineString", "coordinates": [ [ 43.131444, 36.3375253 ], [ 43.1313677, 36.3376684 ], [ 43.1297165, 36.3381075 ], [ 43.1294673, 36.3375571 ], [ 43.130356, 36.3365613 ], [ 43.1311386, 36.3374871 ], [ 43.131444, 36.3375253 ] ] } },
{ "type": "Feature", "properties": { "fid": 273, "id": 1, "SpatialID": "43.135_36.345" }, "geometry": { "type": "LineString", "coordinates": [ [ 43.131087, 36.3383877 ], [ 43.1305471, 36.3384431 ], [ 43.1304917, 36.3387615 ], [ 43.1301179, 36.3387338 ], [ 43.1298134, 36.3384569 ], [ 43.1298272, 36.3382493 ], [ 43.1305886, 36.3379862 ], [ 43.1312116, 36.337834 ], [ 43.1314054, 36.3380831 ], [ 43.131087, 36.3381385 ], [ 43.131087, 36.3383877 ] ] } },
{ "type": "Feature", "properties": { "fid": 274, "id": 1, "SpatialID": "43.135_36.345" }, "geometry": { "type": "LineString", "coordinates": [ [ 43.1318357, 36.3381624 ], [ 43.1325101, 36.3382662 ], [ 43.1326074, 36.3386553 ], [ 43.1323998, 36.3389795 ], [ 43.1315763, 36.3389147 ], [ 43.1313169, 36.3382467 ], [ 43.1318357, 36.3381624 ] ] } },
{ "type": "Feature", "properties": { "fid": 275, "id": 1, "SpatialID": "43.135_36.345" }, "geometry": { "type": "LineString", "coordinates": [ [ 43.1315633, 36.3395632 ], [ 43.1313558, 36.3393167 ], [ 43.131025, 36.3388952 ], [ 43.1307981, 36.3387914 ], [ 43.1307981, 36.3386293 ], [ 43.1312261, 36.338545 ], [ 43.1314725, 36.3390768 ], [ 43.132348, 36.3391092 ], [ 43.1320237, 36.3397058 ], [ 43.1315633, 36.3395632 ] ] } },
{ "type": "Feature", "properties": { "fid": 276, "id": 1, "SpatialID": "43.135_36.345" }, "geometry": { "type": "LineString", "coordinates": [ [ 43.1330418, 36.3385904 ], [ 43.133392, 36.3385256 ], [ 43.1340989, 36.3393881 ], [ 43.1338849, 36.339641 ], [ 43.1337617, 36.339855 ], [ 43.1335217, 36.3399393 ], [ 43.1333661, 36.339829 ], [ 43.1330808, 36.3396085 ], [ 43.1330418, 36.3385904 ] ] } },
{ "type": "Feature", "properties": { "fid": 277, "id": 1, "SpatialID": "43.135_36.345" }, "geometry": { "type": "LineString", "coordinates": [ [ 43.1328278, 36.3387396 ], [ 43.1328797, 36.3393621 ], [ 43.1326657, 36.3397577 ], [ 43.1323026, 36.3396928 ], [ 43.1328278, 36.3387396 ] ] } },
{ "type": "Feature", "properties": { "fid": 278, "id": 1, "SpatialID": "43.135_36.345" }, "geometry": { "type": "LineString", "coordinates": [ [ 43.1313177, 36.3396146 ], [ 43.1319314, 36.3398602 ], [ 43.1318598, 36.3399829 ], [ 43.1308982, 36.3399318 ], [ 43.1308266, 36.3400954 ], [ 43.1306016, 36.3400852 ], [ 43.1306937, 36.3398908 ], [ 43.1307346, 36.3399011 ], [ 43.1307857, 36.3396556 ], [ 43.1305811, 36.339543 ], [ 43.1311847, 36.3394817 ], [ 43.1313177, 36.3396146 ] ] } },
{ "type": "Feature", "properties": { "fid": 279, "id": 1, "SpatialID": "43.135_36.345" }, "geometry": { "type": "LineString", "coordinates": [ [ 43.1334557, 36.3405251 ], [ 43.133425, 36.3407911 ], [ 43.1333124, 36.3407092 ], [ 43.1327089, 36.340699 ], [ 43.131911, 36.3403819 ], [ 43.132003, 36.3400954 ], [ 43.1321053, 36.3401159 ], [ 43.1321974, 36.3398499 ], [ 43.1328317, 36.3399318 ], [ 43.1329033, 36.3396658 ], [ 43.1333534, 36.3400136 ], [ 43.1333227, 36.3401773 ], [ 43.1337626, 36.3405455 ], [ 43.1334557, 36.3405251 ] ] } },
{ "type": "Feature", "properties": { "fid": 280, "id": 1, "SpatialID": "43.135_36.345" }, "geometry": { "type": "LineString", "coordinates": [ [ 43.1316143, 36.3403512 ], [ 43.1309289, 36.3406274 ], [ 43.130622, 36.3403614 ], [ 43.1303049, 36.3401875 ], [ 43.1308266, 36.3402591 ], [ 43.1309187, 36.3401364 ], [ 43.1317678, 36.3401364 ], [ 43.1316143, 36.3403512 ] ] } },
{ "type": "Feature", "properties": { "fid": 281, "id": 1, "SpatialID": "43.135_36.345" }, "geometry": { "type": "LineString", "coordinates": [ [ 43.1316859, 36.3404842 ], [ 43.1321258, 36.3407194 ], [ 43.1323304, 36.3407911 ], [ 43.1323099, 36.3409547 ], [ 43.132044, 36.340965 ], [ 43.1318496, 36.3414355 ], [ 43.1313483, 36.3412718 ], [ 43.130663, 36.3410366 ], [ 43.1316859, 36.3404842 ] ] } },
{ "type": "Feature", "properties": { "fid": 282, "id": 1, "SpatialID": "43.135_36.345" }, "geometry": { "type": "LineString", "coordinates": [ [ 43.1297321, 36.341589 ], [ 43.1297218, 36.3412207 ], [ 43.1302026, 36.3403307 ], [ 43.1307755, 36.3407706 ], [ 43.1300799, 36.3412616 ], [ 43.1297321, 36.341589 ] ] } },
{ "type": "Feature", "properties": { "fid": 283, "id": 1, "SpatialID": "43.135_36.345" }, "geometry": { "type": "LineString", "coordinates": [ [ 43.1336091, 36.3406581 ], [ 43.1338751, 36.3406581 ], [ 43.133783, 36.3420493 ], [ 43.1334352, 36.3422027 ], [ 43.1334454, 36.3419675 ], [ 43.1335989, 36.3418345 ], [ 43.1336091, 36.3406581 ] ] } },
{ "type": "Feature", "properties": { "fid": 284, "id": 1, "SpatialID": "43.135_36.345" }, "geometry": { "type": "LineString", "coordinates": [ [ 43.1304277, 36.3412412 ], [ 43.1310108, 36.3413639 ], [ 43.1309494, 36.3420595 ], [ 43.1307346, 36.3422027 ], [ 43.1304891, 36.3421107 ], [ 43.1298753, 36.3417424 ], [ 43.1304277, 36.3412412 ] ] } },
{ "type": "Feature", "properties": { "fid": 285, "id": 1, "SpatialID": "43.135_36.345" }, "geometry": { "type": "LineString", "coordinates": [ [ 43.1319826, 36.3417117 ], [ 43.132177, 36.3412923 ], [ 43.1322588, 36.3411491 ], [ 43.1325145, 36.3410877 ], [ 43.1325861, 36.3408831 ], [ 43.1333636, 36.3409445 ], [ 43.1332715, 36.3422846 ], [ 43.1325964, 36.3426938 ], [ 43.1321053, 36.3422744 ], [ 43.131911, 36.3419061 ], [ 43.1319826, 36.3417117 ] ] } },
{ "type": "Feature", "properties": { "fid": 286, "id": 1, "SpatialID": "43.135_36.345" }, "geometry": { "type": "LineString", "coordinates": [ [ 43.1316143, 36.341947 ], [ 43.131287, 36.3424278 ], [ 43.131154, 36.3424073 ], [ 43.1308573, 36.3422846 ], [ 43.1311642, 36.3420595 ], [ 43.1312256, 36.3415378 ], [ 43.1316143, 36.341947 ] ] } },
{ "type": "Feature", "properties": { "fid": 287, "id": 1, "SpatialID": "43.135_36.345" }, "geometry": { "type": "LineString", "coordinates": [ [ 43.1318438, 36.3427153 ], [ 43.1315734, 36.3426529 ], [ 43.1314694, 36.3425281 ], [ 43.131771, 36.3421224 ], [ 43.1321246, 36.3425697 ], [ 43.1318438, 36.3427153 ] ] } },
{ "type": "Feature", "properties": { "fid": 288, "id": 1, "SpatialID": "43.135_36.345" }, "geometry": { "type": "LineString", "coordinates": [ [ 43.1303888, 36.3423722 ], [ 43.1309424, 36.342649 ], [ 43.1305928, 36.3430423 ], [ 43.1303888, 36.3423722 ] ] } },
{ "type": "Feature", "properties": { "fid": 289, "id": 1, "SpatialID": "43.135_36.345" }, "geometry": { "type": "LineString", "coordinates": [ [ 43.1325309, 36.3430976 ], [ 43.1331827, 36.3426153 ], [ 43.1340951, 36.34212 ], [ 43.1340299, 36.3429411 ], [ 43.1337823, 36.3429281 ], [ 43.1332609, 36.3435408 ], [ 43.1325309, 36.3430976 ] ] } },
{ "type": "Feature", "properties": { "fid": 290, "id": 1, "SpatialID": "43.135_36.345" }, "geometry": { "type": "LineString", "coordinates": [ [ 43.132447, 36.3428297 ], [ 43.1322286, 36.3430065 ], [ 43.1320518, 36.3428193 ], [ 43.1322702, 36.3426737 ], [ 43.132447, 36.3428297 ] ] } },
{ "type": "Feature", "properties": { "fid": 291, "id": 1, "SpatialID": "43.135_36.345" }, "geometry": { "type": "LineString", "coordinates": [ [ 43.1301994, 36.3429112 ], [ 43.1304325, 36.3429549 ], [ 43.1304762, 36.3432463 ], [ 43.1308987, 36.3434939 ], [ 43.1307676, 36.3439018 ], [ 43.1294274, 36.3437707 ], [ 43.1292671, 36.3434648 ], [ 43.1301994, 36.3429112 ] ] } },
{ "type": "Feature", "properties": { "fid": 292, "id": 1, "SpatialID": "43.135_36.345" }, "geometry": { "type": "LineString", "coordinates": [ [ 43.1319912, 36.3432171 ], [ 43.130753, 36.3443243 ], [ 43.129675, 36.3441057 ], [ 43.1296167, 36.3439601 ], [ 43.1307967, 36.3440475 ], [ 43.13119, 36.3435376 ], [ 43.1307967, 36.343188 ], [ 43.1312337, 36.3428092 ], [ 43.1319912, 36.3432171 ] ] } },
{ "type": "Feature", "properties": { "fid": 293, "id": 1, "SpatialID": "43.135_36.345" }, "geometry": { "type": "LineString", "coordinates": [ [ 43.1325049, 36.34401 ], [ 43.1315012, 36.343997 ], [ 43.1322702, 36.3433322 ], [ 43.1329611, 36.343632 ], [ 43.1325049, 36.34401 ] ] } },
{ "type": "Feature", "properties": { "fid": 294, "id": 1, "SpatialID": "43.135_36.345" }, "geometry": { "type": "LineString", "coordinates": [ [ 43.1322051, 36.344766 ], [ 43.1310189, 36.344375 ], [ 43.1312665, 36.3441664 ], [ 43.1324788, 36.3442055 ], [ 43.1322051, 36.344766 ] ] } },
{ "type": "Feature", "properties": { "fid": 295, "id": 1, "SpatialID": "43.135_36.345" }, "geometry": { "type": "LineString", "coordinates": [ [ 43.1326222, 36.3445705 ], [ 43.1330784, 36.3438406 ], [ 43.1339517, 36.3442055 ], [ 43.1339517, 36.3452614 ], [ 43.1331827, 36.3450919 ], [ 43.1326222, 36.3445705 ] ] } },
{ "type": "Feature", "properties": { "fid": 296, "id": 1, "SpatialID": "43.135_36.345" }, "geometry": { "type": "LineString", "coordinates": [ [ 43.129606, 36.3442522 ], [ 43.1306301, 36.3445473 ], [ 43.1304739, 36.3452416 ], [ 43.129849, 36.345068 ], [ 43.1295019, 36.3444605 ], [ 43.129606, 36.3442522 ] ] } },
{ "type": "Feature", "properties": { "fid": 297, "id": 1, "SpatialID": "43.135_36.345" }, "geometry": { "type": "LineString", "coordinates": [ [ 43.1326222, 36.3460174 ], [ 43.1313447, 36.3455872 ], [ 43.1313969, 36.3447269 ], [ 43.1328177, 36.3451701 ], [ 43.1324918, 36.3455612 ], [ 43.1328438, 36.3457437 ], [ 43.1326222, 36.3460174 ] ] } },
{ "type": "Feature", "properties": { "fid": 298, "id": 1, "SpatialID": "43.135_36.345" }, "geometry": { "type": "LineString", "coordinates": [ [ 43.1310467, 36.3459533 ], [ 43.1306995, 36.3463004 ], [ 43.1307169, 36.346474 ], [ 43.1305607, 36.3466128 ], [ 43.130283, 36.3465608 ], [ 43.1309078, 36.344582 ], [ 43.1311682, 36.3446515 ], [ 43.1311508, 36.3453458 ], [ 43.1311161, 36.3456408 ], [ 43.1310467, 36.3459533 ] ] } },
{ "type": "Feature", "properties": { "fid": 299, "id": 1, "SpatialID": "43.135_36.345" }, "geometry": { "type": "LineString", "coordinates": [ [ 43.1328177, 36.3461738 ], [ 43.1330654, 36.3457697 ], [ 43.1328829, 36.3455742 ], [ 43.1330914, 36.3452614 ], [ 43.1339126, 36.3454699 ], [ 43.1339126, 36.3463042 ], [ 43.1337953, 36.3464866 ], [ 43.1328177, 36.3461738 ] ] } },
{ "type": "Feature", "properties": { "fid": 300, "id": 1, "SpatialID": "43.135_36.345" }, "geometry": { "type": "LineString", "coordinates": [ [ 43.1325705, 36.3460661 ], [ 43.1325307, 36.3461985 ], [ 43.1313321, 36.346172 ], [ 43.1313454, 36.3457284 ], [ 43.131544, 36.3457085 ], [ 43.1325705, 36.3460661 ] ] } },
{ "type": "Feature", "properties": { "fid": 301, "id": 1, "SpatialID": "43.135_36.345" }, "geometry": { "type": "LineString", "coordinates": [ [ 43.1319388, 36.3465501 ], [ 43.1312596, 36.346481 ], [ 43.1312826, 36.3462738 ], [ 43.132572, 36.3462508 ], [ 43.1337003, 36.3466307 ], [ 43.1334125, 36.346907 ], [ 43.1334585, 36.3470106 ], [ 43.1332973, 36.3471833 ], [ 43.1332167, 36.3471603 ], [ 43.1328944, 36.3474711 ], [ 43.1326987, 36.3473215 ], [ 43.1324914, 36.3475632 ], [ 43.132123, 36.3473099 ], [ 43.1319388, 36.3465501 ] ] } },
{ "type": "Feature", "properties": { "fid": 302, "id": 1, "SpatialID": "43.135_36.345" }, "geometry": { "type": "LineString", "coordinates": [ [ 43.1312229, 36.3466501 ], [ 43.1317625, 36.3467688 ], [ 43.1319892, 36.347546 ], [ 43.1311905, 36.3475999 ], [ 43.1309422, 36.3473841 ], [ 43.1312229, 36.3466501 ] ] } },
{ "type": "Feature", "properties": { "fid": 303, "id": 1, "SpatialID": "43.135_36.345" }, "geometry": { "type": "LineString", "coordinates": [ [ 43.1308883, 36.3466825 ], [ 43.1307048, 36.3472437 ], [ 43.1303594, 36.3480317 ], [ 43.1302299, 36.3478806 ], [ 43.130381, 36.3467796 ], [ 43.1308883, 36.3466825 ] ] } },
{ "type": "Feature", "properties": { "fid": 304, "id": 1, "SpatialID": "43.135_36.345" }, "geometry": { "type": "LineString", "coordinates": [ [ 43.1325735, 36.3481388 ], [ 43.1329998, 36.3478269 ], [ 43.1332077, 36.3479621 ], [ 43.1327398, 36.3482948 ], [ 43.1325735, 36.3481388 ] ] } },
{ "type": "Feature", "properties": { "fid": 305, "id": 1, "SpatialID": "43.135_36.345" }, "geometry": { "type": "LineString", "coordinates": [ [ 43.1317733, 36.348118 ], [ 43.130327, 36.3485713 ], [ 43.1304026, 36.3483878 ], [ 43.1307048, 36.3479561 ], [ 43.1309098, 36.347751 ], [ 43.1310933, 36.3477726 ], [ 43.1317733, 36.348118 ] ] } },
{ "type": "Feature", "properties": { "fid": 306, "id": 1, "SpatialID": "43.135_36.345" }, "geometry": { "type": "LineString", "coordinates": [ [ 43.1303019, 36.3496337 ], [ 43.1301331, 36.3495324 ], [ 43.1304455, 36.3493045 ], [ 43.1303188, 36.3490259 ], [ 43.1307071, 36.3488233 ], [ 43.1311039, 36.3491948 ], [ 43.1303019, 36.3496337 ] ] } },
{ "type": "Feature", "properties": { "fid": 307, "id": 1, "SpatialID": "43.135_36.345" }, "geometry": { "type": "LineString", "coordinates": [ [ 43.1348294, 36.3306472 ], [ 43.1346514, 36.3305501 ], [ 43.1345057, 36.3306472 ], [ 43.1338419, 36.3305824 ], [ 43.1338257, 36.33089 ], [ 43.1333886, 36.33089 ], [ 43.1330487, 36.3305663 ], [ 43.1330972, 36.3303882 ], [ 43.13368, 36.3298378 ], [ 43.1353799, 36.3280246 ], [ 43.1348294, 36.3306472 ] ] } },
{ "type": "Feature", "properties": { "fid": 308, "id": 1, "SpatialID": "43.135_36.345" }, "geometry": { "type": "LineString", "coordinates": [ [ 43.1367457, 36.3304392 ], [ 43.1368522, 36.3302553 ], [ 43.1366199, 36.3302166 ], [ 43.1366199, 36.3299166 ], [ 43.1369973, 36.3299263 ], [ 43.1369973, 36.330236 ], [ 43.1371328, 36.3302166 ], [ 43.1373844, 36.330594 ], [ 43.1369683, 36.3307295 ], [ 43.1367457, 36.3304392 ] ] } },
{ "type": "Feature", "properties": { "fid": 309, "id": 1, "SpatialID": "43.135_36.345" }, "geometry": { "type": "LineString", "coordinates": [ [ 43.1351876, 36.3304198 ], [ 43.1355747, 36.3304586 ], [ 43.1354973, 36.3307876 ], [ 43.1351005, 36.3307682 ], [ 43.1351876, 36.3304198 ] ] } },
{ "type": "Feature", "properties": { "fid": 310, "id": 1, "SpatialID": "43.135_36.345" }, "geometry": { "type": "LineString", "coordinates": [ [ 43.1333583, 36.3332224 ], [ 43.133098, 36.332962 ], [ 43.1336073, 36.3327244 ], [ 43.1344675, 36.3324527 ], [ 43.1343996, 36.3332903 ], [ 43.1333583, 36.3332224 ] ] } },
{ "type": "Feature", "properties": { "fid": 311, "id": 1, "SpatialID": "43.135_36.345" }, "geometry": { "type": "LineString", "coordinates": [ [ 43.1347474, 36.3323469 ], [ 43.1349374, 36.3321861 ], [ 43.136063, 36.3319961 ], [ 43.1378317, 36.3328293 ], [ 43.1372178, 36.3340426 ], [ 43.1347474, 36.3329024 ], [ 43.1347474, 36.3323469 ] ] } },
{ "type": "Feature", "properties": { "fid": 312, "id": 1, "SpatialID": "43.135_36.345" }, "geometry": { "type": "LineString", "coordinates": [ [ 43.1354344, 36.3355921 ], [ 43.1354636, 36.3353582 ], [ 43.1361214, 36.3354897 ], [ 43.136253, 36.3338087 ], [ 43.1370716, 36.3341888 ], [ 43.1362238, 36.3363376 ], [ 43.1361799, 36.3364837 ], [ 43.136063, 36.3366738 ], [ 43.1357121, 36.3366153 ], [ 43.1358437, 36.3362937 ], [ 43.1359168, 36.3360598 ], [ 43.1357121, 36.3358844 ], [ 43.1356098, 36.335709 ], [ 43.1354344, 36.3355921 ] ] } },
{ "type": "Feature", "properties": { "fid": 313, "id": 1, "SpatialID": "43.135_36.345" }, "geometry": { "type": "LineString", "coordinates": [ [ 43.1363553, 36.3370392 ], [ 43.1360191, 36.3369661 ], [ 43.1362091, 36.336893 ], [ 43.1364576, 36.3366153 ], [ 43.1365015, 36.3363814 ], [ 43.1366477, 36.3357236 ], [ 43.1369693, 36.3351097 ], [ 43.1373932, 36.3344811 ], [ 43.1376563, 36.3349196 ], [ 43.1374516, 36.3356944 ], [ 43.1373347, 36.3359721 ], [ 43.1372031, 36.3364545 ], [ 43.1369693, 36.3366153 ], [ 43.1366769, 36.3369515 ], [ 43.1363553, 36.3370392 ] ] } },
{ "type": "Feature", "properties": { "fid": 314, "id": 1, "SpatialID": "43.135_36.345" }, "geometry": { "type": "LineString", "coordinates": [ [ 43.1345675, 36.3367252 ], [ 43.1338506, 36.3366647 ], [ 43.1338678, 36.3362242 ], [ 43.1341011, 36.33606 ], [ 43.1342565, 36.3360773 ], [ 43.1346539, 36.3363106 ], [ 43.1346885, 36.3366215 ], [ 43.1345675, 36.3367252 ] ] } },
{ "type": "Feature", "properties": { "fid": 315, "id": 1, "SpatialID": "43.135_36.345" }, "geometry": { "type": "LineString", "coordinates": [ [ 43.1336519, 36.3370621 ], [ 43.1336864, 36.3368548 ], [ 43.1343861, 36.336872 ], [ 43.1343775, 36.337088 ], [ 43.1336519, 36.3370621 ] ] } },
{ "type": "Feature", "properties": { "fid": 316, "id": 1, "SpatialID": "43.135_36.345" }, "geometry": { "type": "LineString", "coordinates": [ [ 43.1346366, 36.3375199 ], [ 43.1344898, 36.3373558 ], [ 43.1347489, 36.3371571 ], [ 43.134913, 36.3373299 ], [ 43.1346366, 36.3375199 ] ] } },
{ "type": "Feature", "properties": { "fid": 317, "id": 1, "SpatialID": "43.135_36.345" }, "geometry": { "type": "LineString", "coordinates": [ [ 43.1360148, 36.3383821 ], [ 43.135802, 36.3372899 ], [ 43.1367382, 36.3380416 ], [ 43.1368233, 36.3390629 ], [ 43.1360148, 36.3383821 ] ] } },
{ "type": "Feature", "properties": { "fid": 318, "id": 1, "SpatialID": "43.135_36.345" }, "geometry": { "type": "LineString", "coordinates": [ [ 43.1369793, 36.3393182 ], [ 43.137036, 36.3388927 ], [ 43.1369651, 36.3385948 ], [ 43.1369509, 36.3383111 ], [ 43.1377594, 36.3390345 ], [ 43.1370786, 36.3398998 ], [ 43.1369793, 36.3393182 ] ] } },
{ "type": "Feature", "properties": { "fid": 319, "id": 1, "SpatialID": "43.135_36.345" }, "geometry": { "type": "LineString", "coordinates": [ [ 43.1357635, 36.3401705 ], [ 43.1365705, 36.3404604 ], [ 43.1360377, 36.3410559 ], [ 43.1357086, 36.3409775 ], [ 43.1357635, 36.3401705 ] ] } },
{ "type": "Feature", "properties": { "fid": 320, "id": 1, "SpatialID": "43.135_36.345" }, "geometry": { "type": "LineString", "coordinates": [ [ 43.1350026, 36.3417554 ], [ 43.1347462, 36.3417554 ], [ 43.1340198, 36.3418922 ], [ 43.1340625, 36.3405675 ], [ 43.1335583, 36.3401317 ], [ 43.1340454, 36.3399437 ], [ 43.1342164, 36.3402172 ], [ 43.1344642, 36.3406103 ], [ 43.134712, 36.3409777 ], [ 43.1351393, 36.3410718 ], [ 43.1351564, 36.3413794 ], [ 43.1355153, 36.3411059 ], [ 43.1354897, 36.3416443 ], [ 43.1350026, 36.3417554 ] ] } },
{ "type": "Feature", "properties": { "fid": 321, "id": 1, "SpatialID": "43.135_36.345" }, "geometry": { "type": "LineString", "coordinates": [ [ 43.1374402, 36.3407973 ], [ 43.136594, 36.3414477 ], [ 43.1363668, 36.3415965 ], [ 43.135693, 36.3415965 ], [ 43.1357243, 36.3411969 ], [ 43.1361944, 36.3412283 ], [ 43.1368682, 36.3405466 ], [ 43.1374402, 36.3407973 ] ] } },
{ "type": "Feature", "properties": { "fid": 322, "id": 1, "SpatialID": "43.135_36.345" }, "geometry": { "type": "LineString", "coordinates": [ [ 43.1377693, 36.3420901 ], [ 43.1372208, 36.3424114 ], [ 43.1363433, 36.3428815 ], [ 43.1365157, 36.3423565 ], [ 43.1367899, 36.3417924 ], [ 43.1377693, 36.3420901 ] ] } },
{ "type": "Feature", "properties": { "fid": 323, "id": 1, "SpatialID": "43.135_36.345" }, "geometry": { "type": "LineString", "coordinates": [ [ 43.1352846, 36.3423707 ], [ 43.1350624, 36.341858 ], [ 43.135447, 36.3417554 ], [ 43.1358486, 36.3418067 ], [ 43.1359683, 36.3423024 ], [ 43.1360964, 36.3426527 ], [ 43.1361819, 36.3431997 ], [ 43.1352846, 36.3423707 ] ] } },
{ "type": "Feature", "properties": { "fid": 324, "id": 1, "SpatialID": "43.135_36.345" }, "geometry": { "type": "LineString", "coordinates": [ [ 43.1350858, 36.3431367 ], [ 43.1343167, 36.3424328 ], [ 43.1343558, 36.3420808 ], [ 43.1349554, 36.3419375 ], [ 43.1350597, 36.3424719 ], [ 43.135555, 36.3428629 ], [ 43.1352683, 36.343241 ], [ 43.1350858, 36.3431367 ] ] } },
{ "type": "Feature", "properties": { "fid": 325, "id": 1, "SpatialID": "43.135_36.345" }, "geometry": { "type": "LineString", "coordinates": [ [ 43.1342515, 36.3429803 ], [ 43.1343428, 36.3427196 ], [ 43.1349945, 36.3433843 ], [ 43.1342515, 36.3429803 ] ] } },
{ "type": "Feature", "properties": { "fid": 326, "id": 1, "SpatialID": "43.135_36.345" }, "geometry": { "type": "LineString", "coordinates": [ [ 43.1361937, 36.3433322 ], [ 43.1357505, 36.3437493 ], [ 43.1353856, 36.3433974 ], [ 43.1357375, 36.3430324 ], [ 43.1361937, 36.3433322 ] ] } },
{ "type": "Feature", "properties": { "fid": 327, "id": 1, "SpatialID": "43.135_36.345" }, "geometry": { "type": "LineString", "coordinates": [ [ 43.1335085, 36.343645 ], [ 43.1339648, 36.3431627 ], [ 43.1339648, 36.3438406 ], [ 43.1335085, 36.343645 ] ] } },
{ "type": "Feature", "properties": { "fid": 328, "id": 1, "SpatialID": "43.135_36.345" }, "geometry": { "type": "LineString", "coordinates": [ [ 43.1363501, 36.34401 ], [ 43.1359982, 36.3438536 ], [ 43.1362719, 36.3435799 ], [ 43.1363501, 36.34401 ] ] } },
{ "type": "Feature", "properties": { "fid": 329, "id": 1, "SpatialID": "43.135_36.345" }, "geometry": { "type": "LineString", "coordinates": [ [ 43.1342776, 36.3433061 ], [ 43.1349815, 36.343645 ], [ 43.1350076, 36.3443489 ], [ 43.1342124, 36.3439579 ], [ 43.1342776, 36.3433061 ] ] } },
{ "type": "Feature", "properties": { "fid": 330, "id": 1, "SpatialID": "43.135_36.345" }, "geometry": { "type": "LineString", "coordinates": [ [ 43.1366891, 36.3440621 ], [ 43.1378883, 36.3437493 ], [ 43.137432, 36.3446096 ], [ 43.1366891, 36.3440621 ] ] } },
{ "type": "Feature", "properties": { "fid": 331, "id": 1, "SpatialID": "43.135_36.345" }, "geometry": { "type": "LineString", "coordinates": [ [ 43.1352031, 36.3435929 ], [ 43.1356723, 36.344023 ], [ 43.1363632, 36.3442446 ], [ 43.136298, 36.3449876 ], [ 43.1361677, 36.3450137 ], [ 43.135177, 36.3444923 ], [ 43.1352031, 36.3435929 ] ] } },
{ "type": "Feature", "properties": { "fid": 332, "id": 1, "SpatialID": "43.135_36.345" }, "geometry": { "type": "LineString", "coordinates": [ [ 43.1370019, 36.3449746 ], [ 43.1366108, 36.3449616 ], [ 43.1366239, 36.3443359 ], [ 43.1371974, 36.344766 ], [ 43.1370019, 36.3449746 ] ] } },
{ "type": "Feature", "properties": { "fid": 333, "id": 1, "SpatialID": "43.135_36.345" }, "geometry": { "type": "LineString", "coordinates": [ [ 43.1352943, 36.3460565 ], [ 43.1348642, 36.3457958 ], [ 43.1341864, 36.3454569 ], [ 43.1342776, 36.344362 ], [ 43.1353465, 36.3449485 ], [ 43.1353595, 36.3456915 ], [ 43.1352943, 36.3460565 ] ] } },
{ "type": "Feature", "properties": { "fid": 334, "id": 1, "SpatialID": "43.135_36.345" }, "geometry": { "type": "LineString", "coordinates": [ [ 43.1356976, 36.3461921 ], [ 43.1355085, 36.346163 ], [ 43.1356249, 36.3458357 ], [ 43.1355085, 36.3450794 ], [ 43.1365921, 36.3456612 ], [ 43.1356976, 36.3461921 ] ] } },
{ "type": "Feature", "properties": { "fid": 335, "id": 1, "SpatialID": "43.135_36.345" }, "geometry": { "type": "LineString", "coordinates": [ [ 43.134069, 36.3469168 ], [ 43.1338996, 36.3468255 ], [ 43.1341212, 36.3464736 ], [ 43.1342124, 36.3456785 ], [ 43.1346817, 36.3460043 ], [ 43.1343819, 36.3465518 ], [ 43.134069, 36.3469168 ] ] } },
{ "type": "Feature", "properties": { "fid": 336, "id": 1, "SpatialID": "43.135_36.345" }, "geometry": { "type": "LineString", "coordinates": [ [ 43.134497, 36.3471407 ], [ 43.1342682, 36.3470159 ], [ 43.135048, 36.3461842 ], [ 43.1354015, 36.3463921 ], [ 43.1347777, 36.3468704 ], [ 43.134497, 36.3471407 ] ] } },
{ "type": "Feature", "properties": { "fid": 337, "id": 1, "SpatialID": "43.135_36.345" }, "geometry": { "type": "LineString", "coordinates": [ [ 43.1337588, 36.3472135 ], [ 43.1341227, 36.3470679 ], [ 43.1342786, 36.3472239 ], [ 43.1335716, 36.3477229 ], [ 43.1333117, 36.347515 ], [ 43.1336652, 36.3471199 ], [ 43.1337588, 36.3472135 ] ] } },
{ "type": "Feature", "properties": { "fid": 338, "id": 1, "SpatialID": "43.135_36.345" }, "geometry": { "type": "LineString", "coordinates": [ [ 43.1414037, 36.328293 ], [ 43.1416944, 36.3283063 ], [ 43.1417076, 36.3287422 ], [ 43.1413113, 36.3287422 ], [ 43.1414037, 36.328293 ] ] } },
{ "type": "Feature", "properties": { "fid": 339, "id": 1, "SpatialID": "43.135_36.345" }, "geometry": { "type": "LineString", "coordinates": [ [ 43.1413509, 36.3289139 ], [ 43.1415623, 36.3289932 ], [ 43.1414566, 36.3292441 ], [ 43.1412188, 36.3291913 ], [ 43.1413509, 36.3289139 ] ] } },
{ "type": "Feature", "properties": { "fid": 340, "id": 1, "SpatialID": "43.135_36.345" }, "geometry": { "type": "LineString", "coordinates": [ [ 43.1408621, 36.3298254 ], [ 43.1405715, 36.3297329 ], [ 43.1406772, 36.3293762 ], [ 43.1412584, 36.3295744 ], [ 43.1408621, 36.3298254 ] ] } },
{ "type": "Feature", "properties": { "fid": 341, "id": 1, "SpatialID": "43.135_36.345" }, "geometry": { "type": "LineString", "coordinates": [ [ 43.1399243, 36.329297 ], [ 43.1402809, 36.3294159 ], [ 43.1398582, 36.3303009 ], [ 43.1393298, 36.3305651 ], [ 43.1399243, 36.329297 ] ] } },
{ "type": "Feature", "properties": { "fid": 342, "id": 1, "SpatialID": "43.135_36.345" }, "geometry": { "type": "LineString", "coordinates": [ [ 43.1374715, 36.3299069 ], [ 43.137936, 36.3299263 ], [ 43.137936, 36.330294 ], [ 43.1374522, 36.3302844 ], [ 43.1374715, 36.3299069 ] ] } },
{ "type": "Feature", "properties": { "fid": 343, "id": 1, "SpatialID": "43.135_36.345" }, "geometry": { "type": "LineString", "coordinates": [ [ 43.1386715, 36.3304682 ], [ 43.1389425, 36.3307295 ], [ 43.1386038, 36.3309134 ], [ 43.1384102, 36.3306037 ], [ 43.1386715, 36.3304682 ] ] } },
{ "type": "Feature", "properties": { "fid": 344, "id": 1, "SpatialID": "43.135_36.345" }, "geometry": { "type": "LineString", "coordinates": [ [ 43.1381489, 36.3310586 ], [ 43.1378005, 36.3306134 ], [ 43.1381586, 36.3304779 ], [ 43.1384876, 36.3309424 ], [ 43.1381489, 36.3310586 ] ] } },
{ "type": "Feature", "properties": { "fid": 345, "id": 1, "SpatialID": "43.135_36.345" }, "geometry": { "type": "LineString", "coordinates": [ [ 43.1374715, 36.3310779 ], [ 43.1372973, 36.3311166 ], [ 43.1371522, 36.3308457 ], [ 43.1375296, 36.3307102 ], [ 43.1378683, 36.331136 ], [ 43.1376167, 36.3313005 ], [ 43.1374715, 36.3310779 ] ] } },
{ "type": "Feature", "properties": { "fid": 346, "id": 1, "SpatialID": "43.135_36.345" }, "geometry": { "type": "LineString", "coordinates": [ [ 43.1405954, 36.3307024 ], [ 43.1408282, 36.3308058 ], [ 43.1408023, 36.330961 ], [ 43.1415136, 36.3312972 ], [ 43.1413067, 36.3318792 ], [ 43.1411127, 36.3321637 ], [ 43.1407247, 36.3325645 ], [ 43.1404144, 36.3324482 ], [ 43.139923, 36.3323447 ], [ 43.1394574, 36.3323576 ], [ 43.1391859, 36.3327585 ], [ 43.1386557, 36.3325387 ], [ 43.1386298, 36.3322671 ], [ 43.1386169, 36.3320085 ], [ 43.1388238, 36.3317369 ], [ 43.1394057, 36.3308058 ], [ 43.1403756, 36.3311808 ], [ 43.1405954, 36.3307024 ] ] } },
{ "type": "Feature", "properties": { "fid": 347, "id": 1, "SpatialID": "43.135_36.345" }, "geometry": { "type": "LineString", "coordinates": [ [ 43.1364256, 36.3319434 ], [ 43.1389156, 36.3310719 ], [ 43.1379196, 36.3326564 ], [ 43.1364256, 36.3319434 ] ] } },
{ "type": "Feature", "properties": { "fid": 348, "id": 1, "SpatialID": "43.135_36.345" }, "geometry": { "type": "LineString", "coordinates": [ [ 43.1418072, 36.331509 ], [ 43.1424868, 36.3317153 ], [ 43.1422199, 36.3323707 ], [ 43.141783, 36.3322129 ], [ 43.1418679, 36.3318974 ], [ 43.1416252, 36.3317517 ], [ 43.1418072, 36.331509 ] ] } },
{ "type": "Feature", "properties": { "fid": 349, "id": 1, "SpatialID": "43.135_36.345" }, "geometry": { "type": "LineString", "coordinates": [ [ 43.1412854, 36.3330988 ], [ 43.1414553, 36.3328925 ], [ 43.1414067, 36.3327347 ], [ 43.1413703, 36.3325042 ], [ 43.1418436, 36.3325648 ], [ 43.1417223, 36.3331352 ], [ 43.1415281, 36.3332566 ], [ 43.1412854, 36.3330988 ] ] } },
{ "type": "Feature", "properties": { "fid": 350, "id": 1, "SpatialID": "43.135_36.345" }, "geometry": { "type": "LineString", "coordinates": [ [ 43.1410426, 36.3333658 ], [ 43.1405936, 36.3336935 ], [ 43.1402538, 36.3334508 ], [ 43.1407757, 36.3328561 ], [ 43.1410426, 36.3333658 ] ] } },
{ "type": "Feature", "properties": { "fid": 351, "id": 1, "SpatialID": "43.135_36.345" }, "geometry": { "type": "LineString", "coordinates": [ [ 43.1393281, 36.3333275 ], [ 43.138979, 36.3340775 ], [ 43.1377634, 36.3337025 ], [ 43.138216, 36.3328361 ], [ 43.1393281, 36.3333275 ] ] } },
{ "type": "Feature", "properties": { "fid": 352, "id": 1, "SpatialID": "43.135_36.345" }, "geometry": { "type": "LineString", "coordinates": [ [ 43.1380251, 36.3352612 ], [ 43.1374812, 36.3342444 ], [ 43.1375995, 36.3338897 ], [ 43.1387582, 36.3344454 ], [ 43.1380251, 36.3352612 ] ] } },
{ "type": "Feature", "properties": { "fid": 353, "id": 1, "SpatialID": "43.135_36.345" }, "geometry": { "type": "LineString", "coordinates": [ [ 43.1389473, 36.3353795 ], [ 43.1394676, 36.3355095 ], [ 43.1394203, 36.3357578 ], [ 43.1383207, 36.3354031 ], [ 43.1385453, 36.3349893 ], [ 43.138971, 36.3350839 ], [ 43.1389473, 36.3353795 ] ] } },
{ "type": "Feature", "properties": { "fid": 354, "id": 1, "SpatialID": "43.135_36.345" }, "geometry": { "type": "LineString", "coordinates": [ [ 43.1371593, 36.3369223 ], [ 43.1373785, 36.33701 ], [ 43.1373932, 36.3369223 ], [ 43.1377001, 36.3370246 ], [ 43.1382702, 36.3371269 ], [ 43.1389865, 36.3374339 ], [ 43.1387526, 36.3380186 ], [ 43.1367792, 36.3374777 ], [ 43.1367938, 36.33701 ], [ 43.1370716, 36.3370392 ], [ 43.1371593, 36.3369223 ] ] } },
{ "type": "Feature", "properties": { "fid": 355, "id": 1, "SpatialID": "43.135_36.345" }, "geometry": { "type": "LineString", "coordinates": [ [ 43.1373192, 36.3377921 ], [ 43.1385642, 36.3380936 ], [ 43.1383599, 36.3383757 ], [ 43.1384475, 36.3384633 ], [ 43.1387101, 36.3386189 ], [ 43.1382335, 36.3391344 ], [ 43.1373775, 36.3383757 ], [ 43.1374943, 36.3381034 ], [ 43.1372511, 36.3379283 ], [ 43.1373192, 36.3377921 ] ] } },
{ "type": "Feature", "properties": { "fid": 356, "id": 1, "SpatialID": "43.135_36.345" }, "geometry": { "type": "LineString", "coordinates": [ [ 43.1388754, 36.3396694 ], [ 43.138428, 36.3393192 ], [ 43.1388852, 36.3387259 ], [ 43.1393131, 36.3374517 ], [ 43.1398189, 36.337549 ], [ 43.1397508, 36.3383368 ], [ 43.1396244, 36.3390663 ], [ 43.1388754, 36.3396694 ] ] } },
{ "type": "Feature", "properties": { "fid": 357, "id": 1, "SpatialID": "43.135_36.345" }, "geometry": { "type": "LineString", "coordinates": [ [ 43.1384385, 36.3402978 ], [ 43.1398755, 36.3392624 ], [ 43.1402585, 36.3397242 ], [ 43.1391104, 36.3405218 ], [ 43.1384385, 36.3402978 ] ] } },
{ "type": "Feature", "properties": { "fid": 358, "id": 1, "SpatialID": "43.135_36.345" }, "geometry": { "type": "LineString", "coordinates": [ [ 43.1376518, 36.3406406 ], [ 43.1369858, 36.3404291 ], [ 43.1380122, 36.3392068 ], [ 43.1386703, 36.3398493 ], [ 43.1376518, 36.3406406 ] ] } },
{ "type": "Feature", "properties": { "fid": 359, "id": 1, "SpatialID": "43.135_36.345" }, "geometry": { "type": "LineString", "coordinates": [ [ 43.1384818, 36.3411215 ], [ 43.137846, 36.3408036 ], [ 43.1382362, 36.3404206 ], [ 43.1386408, 36.340529 ], [ 43.1386263, 36.3408108 ], [ 43.1384818, 36.3411215 ] ] } },
{ "type": "Feature", "properties": { "fid": 360, "id": 1, "SpatialID": "43.135_36.345" }, "geometry": { "type": "LineString", "coordinates": [ [ 43.1391393, 36.3416056 ], [ 43.138648, 36.3412443 ], [ 43.138937, 36.3406374 ], [ 43.139515, 36.3406518 ], [ 43.1395512, 36.3410709 ], [ 43.1391393, 36.3416056 ] ] } },
{ "type": "Feature", "properties": { "fid": 361, "id": 1, "SpatialID": "43.135_36.345" }, "geometry": { "type": "LineString", "coordinates": [ [ 43.1367821, 36.3416435 ], [ 43.1376518, 36.340907 ], [ 43.1383256, 36.3412596 ], [ 43.1379417, 36.3419413 ], [ 43.1367821, 36.3416435 ] ] } },
{ "type": "Feature", "properties": { "fid": 362, "id": 1, "SpatialID": "43.135_36.345" }, "geometry": { "type": "LineString", "coordinates": [ [ 43.1385763, 36.341432 ], [ 43.1390543, 36.3417689 ], [ 43.1385842, 36.3425132 ], [ 43.1381219, 36.3420823 ], [ 43.1385763, 36.341432 ] ] } },
{ "type": "Feature", "properties": { "fid": 363, "id": 1, "SpatialID": "43.135_36.345" }, "geometry": { "type": "LineString", "coordinates": [ [ 43.1379887, 36.3422312 ], [ 43.1382786, 36.3425132 ], [ 43.137119, 36.3427091 ], [ 43.1379887, 36.3422312 ] ] } },
{ "type": "Feature", "properties": { "fid": 364, "id": 1, "SpatialID": "43.135_36.345" }, "geometry": { "type": "LineString", "coordinates": [ [ 43.1374872, 36.3436023 ], [ 43.1371503, 36.3432576 ], [ 43.137072, 36.3429128 ], [ 43.1384588, 36.3426856 ], [ 43.1379025, 36.3437199 ], [ 43.1374872, 36.3436023 ] ] } },
{ "type": "Feature", "properties": { "fid": 366, "id": 1, "SpatialID": "43.135_36.345" }, "geometry": { "type": "LineString", "coordinates": [ [ 43.1358204, 36.3139347 ], [ 43.1359632, 36.3132329 ], [ 43.1358323, 36.3132329 ], [ 43.1361654, 36.3122336 ], [ 43.1374026, 36.3126381 ], [ 43.1369505, 36.3141964 ], [ 43.1358204, 36.3139347 ] ] } },
{ "type": "Feature", "properties": { "fid": 368, "id": 1, "SpatialID": "43.135_36.345" }, "geometry": { "type": "LineString", "coordinates": [ [ 43.149854, 36.3190057 ], [ 43.1502962, 36.3191241 ], [ 43.1501067, 36.3195663 ], [ 43.1496803, 36.3194794 ], [ 43.149854, 36.3190057 ] ] } },
{ "type": "Feature", "properties": { "fid": 370, "id": 1, "SpatialID": "43.135_36.345" }, "geometry": { "type": "LineString", "coordinates": [ [ 43.1483301, 36.3196689 ], [ 43.1484643, 36.3192899 ], [ 43.1488433, 36.3193689 ], [ 43.1487407, 36.3197873 ], [ 43.1483301, 36.3196689 ] ] } },
{ "type": "Feature", "properties": { "fid": 372, "id": 1, "SpatialID": "43.135_36.345" }, "geometry": { "type": "LineString", "coordinates": [ [ 43.1457805, 36.3206979 ], [ 43.1442184, 36.3201947 ], [ 43.1442708, 36.3199745 ], [ 43.1449313, 36.3201213 ], [ 43.1449942, 36.3197753 ], [ 43.1459693, 36.3198802 ], [ 43.1458434, 36.3204044 ], [ 43.1457805, 36.3206979 ] ] } },
{ "type": "Feature", "properties": { "fid": 373, "id": 1, "SpatialID": "43.135_36.345" }, "geometry": { "type": "LineString", "coordinates": [ [ 43.1446168, 36.3211068 ], [ 43.1447111, 36.3208342 ], [ 43.1455289, 36.3211068 ], [ 43.1450991, 36.3218093 ], [ 43.1447636, 36.3217674 ], [ 43.1445748, 36.3215996 ], [ 43.1434215, 36.3212851 ], [ 43.1434215, 36.3210544 ], [ 43.1428868, 36.32096 ], [ 43.1429393, 36.320656 ], [ 43.1440611, 36.3207504 ], [ 43.1446168, 36.3211068 ] ] } },
{ "type": "Feature", "properties": { "fid": 374, "id": 1, "SpatialID": "43.135_36.345" }, "geometry": { "type": "LineString", "coordinates": [ [ 43.1474266, 36.321306 ], [ 43.1473113, 36.3224803 ], [ 43.1469653, 36.3224698 ], [ 43.1452878, 36.3219666 ], [ 43.1460636, 36.3208342 ], [ 43.1471225, 36.3208762 ], [ 43.1471225, 36.3211907 ], [ 43.1474266, 36.321306 ] ] } },
{ "type": "Feature", "properties": { "fid": 375, "id": 1, "SpatialID": "43.135_36.345" }, "geometry": { "type": "LineString", "coordinates": [ [ 43.1458161, 36.3223089 ], [ 43.1457027, 36.3226802 ], [ 43.1449705, 36.3225152 ], [ 43.1452283, 36.3221027 ], [ 43.1458161, 36.3223089 ] ] } },
{ "type": "Feature", "properties": { "fid": 376, "id": 1, "SpatialID": "43.135_36.345" }, "geometry": { "type": "LineString", "coordinates": [ [ 43.1424852, 36.3218861 ], [ 43.1428049, 36.3213911 ], [ 43.1449602, 36.3220717 ], [ 43.1438052, 36.3235464 ], [ 43.1424749, 36.3227627 ], [ 43.1423511, 36.3224224 ], [ 43.1424852, 36.3218861 ] ] } },
{ "type": "Feature", "properties": { "fid": 377, "id": 1, "SpatialID": "43.135_36.345" }, "geometry": { "type": "LineString", "coordinates": [ [ 43.1466927, 36.3226286 ], [ 43.1472186, 36.322773 ], [ 43.1472186, 36.3230927 ], [ 43.1465071, 36.3230824 ], [ 43.1466927, 36.3226286 ] ] } },
{ "type": "Feature", "properties": { "fid": 378, "id": 1, "SpatialID": "43.135_36.345" }, "geometry": { "type": "LineString", "coordinates": [ [ 43.1458574, 36.3231339 ], [ 43.1457646, 36.3237011 ], [ 43.1451974, 36.3237011 ], [ 43.1451871, 36.3232474 ], [ 43.1448571, 36.3231546 ], [ 43.1449292, 36.3228864 ], [ 43.1458574, 36.3231339 ] ] } },
{ "type": "Feature", "properties": { "fid": 380, "id": 1, "SpatialID": "43.135_36.345" }, "geometry": { "type": "LineString", "coordinates": [ [ 43.1391525, 36.3260018 ], [ 43.1389204, 36.3259399 ], [ 43.1387966, 36.3262339 ], [ 43.1385644, 36.326172 ], [ 43.1388275, 36.3256458 ], [ 43.1389668, 36.3256613 ], [ 43.1391525, 36.3258161 ], [ 43.1391525, 36.3260018 ] ] } },
{ "type": "Feature", "properties": { "fid": 382, "id": 1, "SpatialID": "43.135_36.345" }, "geometry": { "type": "LineString", "coordinates": [ [ 43.1371562, 36.3266053 ], [ 43.1374812, 36.3266208 ], [ 43.1374193, 36.3270541 ], [ 43.1370788, 36.3270231 ], [ 43.1371562, 36.3266053 ] ] } },
{ "type": "Feature", "properties": { "fid": 383, "id": 1, "SpatialID": "43.135_36.345" }, "geometry": { "type": "LineString", "coordinates": [ [ 43.1376978, 36.3266208 ], [ 43.1379764, 36.3266362 ], [ 43.1379609, 36.3270386 ], [ 43.137574, 36.3270386 ], [ 43.1376978, 36.3266208 ] ] } },
{ "type": "Feature", "properties": { "fid": 384, "id": 1, "SpatialID": "43.135_36.345" }, "geometry": { "type": "LineString", "coordinates": [ [ 43.1381157, 36.3275183 ], [ 43.1378526, 36.3275029 ], [ 43.1378681, 36.3273017 ], [ 43.1381002, 36.3273636 ], [ 43.1381157, 36.3275183 ] ] } },
{ "type": "Feature", "properties": { "fid": 386, "id": 1, "SpatialID": "43.135_36.345" }, "geometry": { "type": "LineString", "coordinates": [ [ 43.1394156, 36.3268838 ], [ 43.1392763, 36.3271005 ], [ 43.1389823, 36.3269612 ], [ 43.1391216, 36.3266981 ], [ 43.1394156, 36.3268838 ] ] } },
{ "type": "Feature", "properties": { "fid": 387, "id": 1, "SpatialID": "43.135_36.345" }, "geometry": { "type": "LineString", "coordinates": [ [ 43.1385799, 36.3271624 ], [ 43.1389513, 36.3273172 ], [ 43.1389823, 36.3272088 ], [ 43.1392918, 36.3272553 ], [ 43.1391525, 36.3275493 ], [ 43.138874, 36.3274564 ], [ 43.1387501, 36.3276112 ], [ 43.1385335, 36.3275338 ], [ 43.1385799, 36.3271624 ] ] } },
{ "type": "Feature", "properties": { "fid": 389, "id": 1, "SpatialID": "43.135_36.345" }, "geometry": { "type": "LineString", "coordinates": [ [ 43.1380073, 36.3281838 ], [ 43.1376978, 36.3281838 ], [ 43.1377133, 36.3278897 ], [ 43.1379919, 36.3279207 ], [ 43.1380073, 36.3281838 ] ] } },
{ "type": "Feature", "properties": { "fid": 391, "id": 1, "SpatialID": "43.135_36.345" }, "geometry": { "type": "LineString", "coordinates": [ [ 43.1423152, 36.3285572 ], [ 43.1426058, 36.3286893 ], [ 43.1424737, 36.3290592 ], [ 43.1421039, 36.3289139 ], [ 43.1423152, 36.3285572 ] ] } },
{ "type": "Feature", "properties": { "fid": 393, "id": 1, "SpatialID": "43.135_36.345" }, "geometry": { "type": "LineString", "coordinates": [ [ 43.144428, 36.3295545 ], [ 43.1446519, 36.328833 ], [ 43.1450376, 36.3289325 ], [ 43.1447017, 36.3295919 ], [ 43.144428, 36.3295545 ] ] } },
{ "type": "Feature", "properties": { "fid": 394, "id": 1, "SpatialID": "43.135_36.345" }, "geometry": { "type": "LineString", "coordinates": [ [ 43.1364896, 36.3314031 ], [ 43.1365463, 36.3313734 ], [ 43.1365907, 36.3313273 ], [ 43.1366183, 36.3312695 ], [ 43.1366262, 36.331206 ], [ 43.1366165, 36.3309447 ], [ 43.136606, 36.3308876 ], [ 43.1365795, 36.3308359 ], [ 43.1365392, 36.3307941 ], [ 43.1364886, 36.3307655 ], [ 43.136432, 36.3307527 ], [ 43.1360546, 36.3307237 ], [ 43.1359905, 36.3307291 ], [ 43.1359315, 36.3307546 ], [ 43.1358836, 36.3307975 ], [ 43.1358518, 36.3308533 ], [ 43.1358394, 36.3309164 ], [ 43.1358297, 36.3312067 ], [ 43.1358378, 36.3312701 ], [ 43.1358654, 36.3313277 ], [ 43.1359099, 36.3313736 ], [ 43.1359665, 36.3314032 ], [ 43.1360296, 36.3314134 ], [ 43.1364263, 36.3314134 ], [ 43.1364896, 36.3314031 ] ] } },
{ "type": "Feature", "properties": { "fid": 395, "id": 1, "SpatialID": "43.135_36.345" }, "geometry": { "type": "LineString", "coordinates": [ [ 43.1360392, 36.3309231 ], [ 43.1364167, 36.3309521 ], [ 43.1364263, 36.3312134 ], [ 43.1360296, 36.3312134 ], [ 43.1360392, 36.3309231 ] ] } },
{ "type": "Feature", "properties": { "fid": 397, "id": 1, "SpatialID": "43.135_36.345" }, "geometry": { "type": "LineString", "coordinates": [ [ 43.141613, 36.3336814 ], [ 43.1419893, 36.3337906 ], [ 43.1418922, 36.3341061 ], [ 43.141431, 36.3339484 ], [ 43.141613, 36.3336814 ] ] } },
{ "type": "Feature", "properties": { "fid": 398, "id": 1, "SpatialID": "43.135_36.345" }, "geometry": { "type": "LineString", "coordinates": [ [ 43.1414067, 36.3347372 ], [ 43.1409941, 36.3345916 ], [ 43.1413218, 36.3343124 ], [ 43.1416373, 36.3344945 ], [ 43.1414067, 36.3347372 ] ] } },
{ "type": "Feature", "properties": { "fid": 400, "id": 1, "SpatialID": "43.135_36.345" }, "geometry": { "type": "LineString", "coordinates": [ [ 43.1404237, 36.3344217 ], [ 43.1403388, 36.334628 ], [ 43.140096, 36.3345552 ], [ 43.1401324, 36.334361 ], [ 43.1404237, 36.3344217 ] ] } },
{ "type": "Feature", "properties": { "fid": 401, "id": 1, "SpatialID": "43.135_36.345" }, "geometry": { "type": "LineString", "coordinates": [ [ 43.1408849, 36.3351498 ], [ 43.1407878, 36.3353561 ], [ 43.1399868, 36.3351134 ], [ 43.1400839, 36.3347736 ], [ 43.1408849, 36.3351498 ] ] } },
{ "type": "Feature", "properties": { "fid": 403, "id": 1, "SpatialID": "43.135_36.345" }, "geometry": { "type": "LineString", "coordinates": [ [ 43.1418279, 36.3357072 ], [ 43.1428116, 36.335775 ], [ 43.1427607, 36.3362329 ], [ 43.1429303, 36.3362838 ], [ 43.1429133, 36.3365212 ], [ 43.1421332, 36.3365382 ], [ 43.1420823, 36.337047 ], [ 43.1417431, 36.3370809 ], [ 43.1418279, 36.3357072 ] ] } },
{ "type": "Feature", "properties": { "fid": 405, "id": 1, "SpatialID": "43.135_36.345" }, "geometry": { "type": "LineString", "coordinates": [ [ 43.1412683, 36.3376405 ], [ 43.1402168, 36.3375048 ], [ 43.1403186, 36.3367078 ], [ 43.1412683, 36.3367078 ], [ 43.1412683, 36.3376405 ] ] } }
]
}
